t_s,node,rss_kb,fds,audit_bytes,state_bytes,blocks_active,blocks_pending,tick_max_s,peers
0,1,29372,42,440,0,0,0,0.000047,19
0,2,29228,42,440,0,0,0,0.000152,19
0,3,29224,42,440,0,0,0,0.000181,19
0,4,29524,42,687,0,0,0,0.000108,19
0,5,29356,42,440,0,0,0,0.000348,19
0,6,29596,42,440,0,0,0,0.000204,19
0,7,29492,42,440,0,0,0,0.000189,19
0,8,29788,42,440,0,0,0,0.000114,19
0,9,29348,42,440,0,0,0,0.000199,19
0,10,29332,42,440,0,0,0,0.000132,19
0,11,29748,42,440,0,0,0,0.000103,19
0,12,29496,42,577,0,0,0,0.000334,19
0,13,30060,42,440,0,0,0,0.000344,19
0,14,29612,42,577,0,0,0,0.000048,19
0,15,30048,42,440,0,0,0,0.000059,19
0,16,29748,42,577,0,0,0,0.000070,19
0,17,29568,42,440,0,0,0,0.000063,19
0,18,29944,42,440,0,0,0,0.000041,19
0,19,30068,42,440,0,0,0,0.000035,19
0,20,29980,42,577,0,0,0,0.000051,19
60,1,30508,42,33259,2432,255,0,0.000642,19
60,2,30524,42,35314,3517,255,0,0.005550,19
60,3,30744,42,36155,3875,259,0,0.003857,19
60,4,30548,42,35946,3695,259,0,0.001222,19
60,5,30516,42,34799,3157,255,0,0.004857,19
60,6,30628,42,32761,2073,255,0,0.001004,19
60,7,30336,42,31979,1711,255,0,0.002281,19
60,8,30652,42,34343,2977,255,0,0.001605,19
60,9,30364,42,33590,2611,255,0,0.001422,19
60,10,30452,42,34766,3352,255,0,0.002708,19
60,11,30744,42,33813,2625,255,0,0.000468,19
60,12,30768,42,33706,2627,259,0,0.001824,19
60,13,30900,42,34729,2989,255,0,0.002199,19
60,14,30728,42,33145,2440,255,0,0.000675,19
60,15,30832,42,32763,2080,255,0,0.000586,19
60,16,30280,42,31980,1717,255,0,0.001245,19
60,17,30460,42,33583,2623,255,0,0.001028,19
60,18,30680,42,32743,2083,255,0,0.000539,19
60,19,30860,42,33911,2807,255,0,0.000458,19
60,20,30792,42,33482,2441,255,0,0.001095,19
120,1,31012,42,68719,5320,523,0,0.001843,19
120,2,31192,42,69908,6043,523,0,0.005550,19
120,3,31156,42,69476,5682,523,0,0.005412,19
120,4,30960,42,71855,6763,523,0,0.001222,19
120,5,31192,42,68825,5503,523,0,0.004857,19
120,6,31180,42,67744,4959,523,0,0.001942,19
120,7,30880,42,68090,4963,523,0,0.003871,19
120,8,31280,42,70881,6584,523,0,0.004934,19
120,9,31160,42,70122,6225,523,0,0.002276,19
120,10,31324,42,67662,4987,523,0,0.002708,19
120,11,31376,42,71101,6616,523,0,0.002209,19
120,12,31328,42,68130,4985,523,0,0.004800,19
120,13,31460,42,68093,4983,523,0,0.003599,19
120,14,31408,42,69359,5887,523,0,0.002090,19
120,15,31300,42,66801,4440,523,0,0.000586,19
120,16,30872,42,65637,3717,523,0,0.001983,19
120,17,30928,42,65614,3710,523,0,0.002376,19
120,18,31352,42,67967,4810,523,0,0.000539,19
120,19,31356,42,69306,5715,523,0,0.000458,19
120,20,31460,42,68147,4799,523,0,0.001095,19
180,1,31248,42,102896,8028,783,0,0.001843,19
180,2,31392,42,103193,8390,783,0,0.005550,19
180,3,31316,42,102337,7851,788,0,0.005412,19
180,4,31196,42,106101,9651,788,0,0.004226,19
180,5,31368,42,102433,8031,783,0,0.004857,19
180,6,31420,42,103398,8574,783,0,0.001942,19
180,7,31068,42,99766,6405,783,0,0.004783,19
180,8,31444,42,103278,8571,783,0,0.004934,19
180,9,31356,42,106954,10379,783,0,0.002276,19
180,10,31532,42,101283,7529,783,0,0.002708,19
180,11,31572,42,103002,8250,783,0,0.002209,19
180,12,31540,42,101823,7523,783,0,0.004800,19
180,13,31712,42,101612,7528,783,0,0.003599,19
180,14,31576,42,102781,8246,783,0,0.002090,19
180,15,31568,42,99164,6256,783,0,0.000855,19
180,16,31060,42,100339,6805,783,0,0.001983,19
180,17,31120,42,99029,6072,783,0,0.002376,19
180,18,31508,42,100255,6620,783,0,0.000539,19
180,19,31592,42,105412,9531,783,0,0.001619,19
180,20,31712,42,104737,8967,783,0,0.003429,19
240,1,32128,42,140423,12718,1043,0,0.001843,19
240,2,32148,42,135401,10194,1043,0,0.005550,19
240,3,32000,42,136172,10381,1043,0,0.005412,19
240,4,31972,42,142204,13443,1043,0,0.004226,19
240,5,32188,42,135243,9835,1043,0,0.004857,19
240,6,32024,42,137587,11286,1043,0,0.003112,19
240,7,31976,42,133055,8753,1043,0,0.004783,19
240,8,32160,42,135607,10378,1043,0,0.004934,19
240,9,32100,42,139809,12546,1043,0,0.002276,19
240,10,32292,42,136833,11160,1043,0,0.002708,19
240,11,32224,42,136615,10789,1043,0,0.002209,19
240,12,32536,42,136317,10430,1043,0,0.004800,19
240,13,32516,42,135780,10252,1043,0,0.005589,19
240,14,32228,42,135899,10425,1043,0,0.002090,19
240,15,32332,42,132867,8983,1043,0,0.000858,19
240,16,31632,42,133954,9345,1043,0,0.005839,19
240,17,31700,42,133414,8794,1043,0,0.002376,19
240,18,32224,42,133227,8797,1043,0,0.000795,19
240,19,32368,42,139273,12074,1043,0,0.001619,19
240,20,32508,42,137927,11328,1043,0,0.003429,19
300,1,32388,42,173410,15067,1298,0,0.001843,19
300,2,32496,42,168181,12363,1298,0,0.005550,19
300,3,32284,42,169218,12907,1298,0,0.005412,19
300,4,32408,42,173712,15245,1298,0,0.004226,19
300,5,32492,42,170965,13805,1298,0,0.005069,19
300,6,32272,42,170179,13633,1298,0,0.003112,19
300,7,32332,42,166842,11821,1298,0,0.005511,19
300,8,32392,42,166948,12004,1298,0,0.005771,19
300,9,32408,42,174292,15802,1298,0,0.004006,19
300,10,32508,42,170908,14246,1298,0,0.002708,19
300,11,32496,42,170009,13514,1298,0,0.002209,19
300,12,32808,42,168417,12427,1298,0,0.004800,19
300,13,32792,42,170985,14064,1298,0,0.005589,19
300,14,32404,42,166669,11876,1298,0,0.002090,19
300,15,32592,42,167217,12250,1298,0,0.000858,19
300,16,31944,42,166472,11704,1298,0,0.005839,19
300,17,31980,42,165731,10975,1298,0,0.003119,19
300,18,32504,42,166375,11338,1298,0,0.001037,19
300,19,32668,42,172347,14618,1298,0,0.001619,19
300,20,32812,42,172100,14415,1298,0,0.003429,19
360,1,32464,42,264979,17712,1308,0,0.002816,19
360,2,32528,42,257857,13507,1307,0,0.005550,19
360,3,32376,42,258963,13435,1303,0,0.006889,19
360,4,32548,42,262520,15364,1303,0,0.004226,19
360,5,32516,42,258935,14127,1307,0,0.005759,19
360,6,32304,42,260473,14967,1303,0,0.003112,19
360,7,32388,42,256731,13180,1303,0,0.005511,19
360,8,32436,42,257985,13540,1303,0,0.005771,19
360,9,32488,42,262510,15795,1303,0,0.004006,19
360,10,32540,42,257778,13531,1303,0,0.002708,19
360,11,32548,42,260743,15135,1307,0,0.002209,19
360,12,32884,42,259062,13868,1303,0,0.004800,19
360,13,32860,42,259084,13715,1303,0,0.005589,19
360,14,32536,42,254115,11635,1308,0,0.002090,19
360,15,32664,42,259300,14494,1308,0,0.000858,19
360,16,32028,42,254114,11802,1305,0,0.005839,19
360,17,32104,42,256201,12239,1303,0,0.004160,19
360,18,32636,42,255362,12079,1308,0,0.001037,19
360,19,32820,42,261782,15383,1308,0,0.001619,19
360,20,32820,42,258963,13989,1308,0,0.003429,19
420,1,32488,42,354008,17446,1313,0,0.002816,19
420,2,32548,42,349795,14400,1308,0,0.005550,19
420,3,32380,42,350467,15516,1313,0,0.006889,19
420,4,32580,42,352812,16362,1313,0,0.004226,19
420,5,32536,42,350607,14972,1308,0,0.005759,19
420,6,32332,42,350571,15912,1313,0,0.003112,19
420,7,32416,42,343551,12108,1313,0,0.005511,19
420,8,32444,42,348560,14332,1313,0,0.005771,19
420,9,32552,42,351760,15909,1313,0,0.004006,19
420,10,32576,42,347806,14715,1313,0,0.002708,19
420,11,32548,42,348000,14083,1313,0,0.002209,19
420,12,32948,42,349411,15078,1313,0,0.004800,19
420,13,32920,42,349671,15083,1313,0,0.005589,19
420,14,32628,42,342744,11462,1313,0,0.002090,19
420,15,32672,42,349688,15654,1313,0,0.002194,19
420,16,32300,42,343866,12724,1313,0,0.005839,19
420,17,32572,42,347356,14181,1313,0,0.004160,19
420,18,32736,42,345474,12969,1313,0,0.001037,19
420,19,32924,42,352636,16561,1313,0,0.001619,19
420,20,32900,42,349564,15200,1313,0,0.003429,19
480,1,33096,42,445010,18576,1305,0,0.002816,19
480,2,33136,42,437242,14522,1305,0,0.005550,19
480,3,33012,42,442775,17084,1300,0,0.006889,19
480,4,32620,42,443003,16510,1300,0,0.004226,19
480,5,32544,42,438124,15141,1305,0,0.005759,19
480,6,33056,42,441401,16387,1300,0,0.004542,19
480,7,32516,42,434460,13243,1300,0,0.005511,19
480,8,33276,42,439279,15127,1305,0,0.005771,19
480,9,33160,42,441276,15273,1300,0,0.004006,19
480,10,33148,42,440236,16155,1300,0,0.002708,19
480,11,32620,42,439959,15632,1305,0,0.002209,19
480,12,33024,42,441251,16340,1300,0,0.004800,19
480,13,33588,42,442466,16881,1300,0,0.005589,19
480,14,33492,42,435128,12904,1305,0,0.002090,19
480,15,33196,42,441259,16937,1305,0,0.002194,19
480,16,32360,42,433807,12864,1305,0,0.005839,19
480,17,32784,42,437914,14842,1305,0,0.004160,19
480,18,33380,42,436605,13949,1305,0,0.001368,19
480,19,32956,42,442784,16540,1305,0,0.001619,19
480,20,32956,42,438407,14385,1305,0,0.003429,19
540,1,33140,42,531218,17815,1313,0,0.002816,19
540,2,33164,42,525407,15034,1308,0,0.005550,19
540,3,33116,42,530918,18520,1313,0,0.006889,19
540,4,33488,42,528124,15777,1313,0,0.004226,19
540,5,33128,42,527045,16017,1308,0,0.005759,19
540,6,33184,42,529991,17874,1313,0,0.004542,19
540,7,33296,42,523697,15167,1313,0,0.005511,19
540,8,33320,42,526649,16358,1313,0,0.005771,19
540,9,33264,42,527647,15887,1313,0,0.004006,19
540,10,33220,42,525633,15722,1313,0,0.002708,19
540,11,33248,42,527568,16713,1313,0,0.002209,19
540,12,33680,42,527639,16605,1313,0,0.004800,19
540,13,33600,42,530362,18192,1313,0,0.005589,19
540,14,33564,42,521415,13594,1313,0,0.002090,19
540,15,33212,42,529302,18186,1313,0,0.002194,19
540,16,32964,42,520334,13213,1313,0,0.005839,19
540,17,33456,42,525837,15973,1313,0,0.004160,19
540,18,33440,42,522771,14513,1313,0,0.001368,19
540,19,33584,42,531478,18157,1313,0,0.001619,19
540,20,33592,42,524742,14866,1313,0,0.003429,19
600,1,33624,42,620491,18271,1304,0,0.002816,19
600,2,33580,42,612860,15646,1309,0,0.005550,19
600,3,33280,42,620986,19600,1304,0,0.006924,19
600,4,33812,43,620757,18280,1304,0,0.004871,19
600,5,33536,43,613913,15878,1309,0,0.005759,19
600,6,33636,43,619077,18538,1304,0,0.004542,19
600,7,33860,43,611365,14594,1304,0,0.005511,19
600,8,33736,43,616069,17360,1304,0,0.005771,19
600,9,34396,43,618601,16804,1304,0,0.004006,19
600,10,33664,43,615716,16462,1304,0,0.003233,19
600,11,33712,43,616890,17116,1304,0,0.002209,19
600,12,34220,43,618924,18440,1304,0,0.004800,19
600,13,34132,43,619265,18174,1304,0,0.005589,19
600,14,33996,43,609419,13746,1306,0,0.002090,19
600,15,33632,43,618280,18381,1307,0,0.002194,19
600,16,31920,42,758229,14971,64,0,0.000026,2
600,17,33948,43,615300,16768,1304,0,0.004160,19
600,18,33916,43,613915,15957,1308,0,0.001368,19
600,19,34076,43,622371,19598,1309,0,0.001619,18
600,20,34032,43,612898,14517,1304,0,0.003429,19
660,1,34352,42,711169,19107,1305,0,0.002816,19
660,2,34100,42,702916,15963,1305,0,0.005550,19
660,3,33964,42,708816,19261,1309,0,0.006924,19
660,4,34348,42,710494,19240,1309,0,0.004871,19
660,5,34116,42,704336,16606,1305,0,0.006979,19
660,6,34000,42,706726,18821,1310,0,0.004542,19
660,7,34360,42,699398,15090,1310,0,0.005511,19
660,8,33956,42,702929,16949,1310,0,0.005771,19
660,9,34752,42,707491,18231,1310,0,0.004006,19
660,10,34028,42,706482,18884,1310,0,0.003233,19
660,11,34188,42,705447,17326,1305,0,0.002209,19
660,12,34288,42,709134,20049,1310,0,0.004800,19
660,13,34460,42,707005,18929,1310,0,0.005589,19
660,14,34752,42,698964,15075,1305,0,0.002090,19
660,15,34216,42,705393,17468,1305,0,0.002194,19
660,16,32244,46,847920,16610,1305,0,0.001883,19
660,17,34440,43,704885,17470,1305,0,0.004160,19
660,18,34492,43,701966,16215,1305,0,0.001645,19
660,19,34420,43,711062,19962,1305,0,0.001619,19
660,20,34152,43,704015,16843,1305,0,0.003429,19
720,1,34356,42,803997,19989,1298,0,0.002816,19
720,2,34116,42,795564,16383,1302,0,0.005550,19
720,3,34016,42,803034,20196,1298,0,0.006924,19
720,4,34352,42,802794,19214,1298,0,0.004871,19
720,5,34304,42,795249,16792,1303,0,0.006979,19
720,6,34088,42,800227,18982,1298,0,0.004542,19
720,7,34408,42,795868,17690,1298,0,0.005511,19
720,8,34444,42,795479,16615,1298,0,0.005771,19
720,9,34812,42,801337,18652,1298,0,0.004006,19
720,10,34240,42,799864,19376,1298,0,0.003417,19
720,11,34276,42,799340,18627,1298,0,0.002234,19
720,12,34516,42,804851,21480,1298,0,0.004800,19
720,13,34852,42,799949,18979,1298,0,0.005589,19
720,14,34900,42,793625,16612,1298,0,0.002090,19
720,15,34328,42,798212,18062,1298,0,0.002194,19
720,16,32440,46,941478,17834,1298,0,0.001883,19
720,17,34700,43,800410,19395,1298,0,0.004160,19
720,18,34644,43,794586,16446,1298,0,0.001645,19
720,19,34456,43,803718,19906,1298,0,0.001619,19
720,20,34516,43,797595,17544,1298,0,0.003429,19
780,1,34356,42,891194,20690,1299,0,0.003160,19
780,2,34116,42,882900,17630,1299,0,0.006056,19
780,3,34288,42,889914,20583,1299,0,0.006924,19
780,4,34376,42,891035,20796,1299,0,0.004871,19
780,5,34304,42,883995,17910,1299,0,0.006979,19
780,6,34144,42,886978,19632,1304,0,0.004542,19
780,7,34452,42,881993,18131,1304,0,0.005511,19
780,8,34444,42,880710,16381,1299,0,0.005771,19
780,9,34892,42,888397,19512,1299,0,0.004344,19
780,10,34312,42,886609,19770,1304,0,0.003417,19
780,11,34284,42,886572,19408,1299,0,0.002234,19
780,12,34548,42,889973,21087,1304,0,0.004800,19
780,13,34916,42,885012,18504,1304,0,0.005589,19
780,14,34952,42,882957,18536,1299,0,0.002090,19
780,15,34440,42,884927,18665,1299,0,0.002194,19
780,16,32540,46,1029897,19239,1299,0,0.001883,19
780,17,34712,43,888042,20021,1299,0,0.004160,19
780,18,34708,43,882923,17908,1299,0,0.001645,19
780,19,34468,43,892018,20999,1299,0,0.003319,19
780,20,34548,43,885624,18659,1299,0,0.003429,19
840,1,34404,42,982474,21734,1302,0,0.003160,19
840,2,34144,42,974840,19422,1302,0,0.006056,19
840,3,34312,42,980180,20791,1302,0,0.006924,19
840,4,34392,42,982381,22090,1302,0,0.004871,19
840,5,34324,42,973187,17984,1307,0,0.006979,19
840,6,34196,42,977215,19887,1302,0,0.004542,19
840,7,34500,42,971895,18082,1302,0,0.005511,19
840,8,34476,42,973766,18566,1302,0,0.005771,19
840,9,34944,42,977489,19590,1302,0,0.004344,19
840,10,34368,42,978070,21125,1302,0,0.003417,19
840,11,34332,42,977550,20242,1302,0,0.002234,19
840,12,34552,42,978920,21036,1302,0,0.004800,19
840,13,34932,42,975686,19070,1302,0,0.005589,19
840,14,34980,42,974325,19763,1302,0,0.002090,19
840,15,34488,42,975166,19189,1302,0,0.002194,19
840,16,33280,46,1120214,20048,1302,0,0.002567,19
840,17,34748,43,979703,21815,1302,0,0.004160,19
840,18,34736,43,974422,19211,1302,0,0.001645,19
840,19,34480,43,979135,19982,1302,0,0.003319,19
840,20,34564,43,975332,19645,1302,0,0.003429,19
900,1,34436,42,1071464,22955,1315,0,0.003742,19
900,2,34148,42,1064541,20772,1311,0,0.007991,19
900,3,34408,42,1069908,21984,1311,0,0.006924,19
900,4,34444,42,1071460,22634,1311,0,0.004871,19
900,5,34324,42,1064241,19856,1311,0,0.006979,19
900,6,34276,42,1065636,20381,1311,0,0.004542,19
900,7,34516,42,1061846,19813,1311,0,0.005511,19
900,8,34488,42,1062486,19552,1311,0,0.005771,19
900,9,34968,42,1065032,19430,1311,0,0.004344,19
900,10,34408,42,1065484,21096,1311,0,0.003417,19
900,11,34336,42,1067056,21641,1313,0,0.002234,19
900,12,34552,42,1065338,20327,1311,0,0.004800,19
900,13,34940,42,1064438,19849,1311,0,0.005589,19
900,14,35028,42,1064080,21274,1313,0,0.002090,19
900,15,34516,42,1064497,19915,1312,0,0.002826,19
900,16,33540,46,1210301,20663,1310,0,0.002567,19
900,17,34748,43,1068068,22488,1311,0,0.004160,19
900,18,34744,43,1062043,18684,1311,0,0.001645,19
900,19,34588,43,1069416,20910,1310,0,0.003319,19
900,20,34580,43,1064405,20760,1315,0,0.003429,19
960,1,34468,43,1159434,22446,1301,0,0.003742,19
960,2,34168,43,1153279,21042,1301,0,0.007991,19
960,3,34476,43,1162040,23822,1302,0,0.006924,19
960,4,34444,43,1158930,21814,1302,0,0.004871,19
960,5,34384,43,1153573,20573,1301,0,0.006979,19
960,6,34316,43,1154753,21229,1301,0,0.005360,19
960,7,34572,43,1150436,20422,1301,0,0.005511,19
960,8,34504,43,1152395,20707,1301,0,0.005771,19
960,9,35016,43,1155402,20739,1301,0,0.004344,19
960,10,34452,43,1155332,21884,1301,0,0.003425,19
960,11,34764,61,1157808,22718,1301,0,0.002352,19
960,12,34676,43,1152982,19760,1301,0,0.004800,19
960,13,34948,43,1154255,21009,1301,0,0.005589,19
960,14,35072,43,1151997,21572,1301,0,0.002090,19
960,15,34540,43,1151381,20059,1301,0,0.002826,19
960,16,34172,47,1298947,21747,1301,0,0.002567,19
960,17,34748,44,1157323,23117,1301,0,0.004946,19
960,18,34768,44,1151236,20107,1301,0,0.002565,19
960,19,34616,44,1159405,22801,1301,0,0.003319,19
960,20,34584,44,1153408,21254,1301,0,0.003429,19
1020,1,34504,43,1251754,23602,1297,0,0.003742,19
1020,2,34216,43,1246254,22071,1293,0,0.007991,19
1020,3,34508,43,1251091,23289,1297,0,0.007214,19
1020,4,34444,43,1249175,22427,1297,0,0.004871,19
1020,5,34396,43,1245919,21860,1297,0,0.006979,19
1020,6,34348,43,1245609,21709,1297,0,0.005360,19
1020,7,34616,43,1242336,20714,1297,0,0.005511,19
1020,8,34512,43,1245855,22355,1297,0,0.005771,19
1020,9,35056,43,1247545,21756,1297,0,0.005084,19
1020,10,34488,43,1247219,22865,1297,0,0.003425,19
1020,11,34848,61,1250127,23849,1297,0,0.002352,19
1020,12,34692,43,1243958,19686,1297,0,0.004800,19
1020,13,34948,43,1244712,21387,1297,0,0.005589,19
1020,14,35116,43,1243775,22077,1297,0,0.002090,19
1020,15,34576,43,1243119,20776,1297,0,0.002826,19
1020,16,34256,47,1391400,22748,1297,0,0.002567,19
1020,17,34768,44,1247247,22416,1297,0,0.004946,19
1020,18,34796,44,1245809,22542,1297,0,0.002565,19
1020,19,34660,44,1251876,24061,1297,0,0.003319,19
1020,20,34592,44,1245451,21890,1297,0,0.003429,19
1080,1,34516,43,1341234,24599,1309,0,0.003742,19
1080,2,34216,43,1335332,23328,1309,0,0.007991,19
1080,3,34528,43,1339619,23875,1309,0,0.007214,19
1080,4,34452,43,1337644,22803,1309,0,0.004871,19
1080,5,34400,43,1333908,22209,1309,0,0.006979,19
1080,6,34372,43,1335807,22471,1304,0,0.005360,19
1080,7,34616,43,1331867,21635,1304,0,0.005511,19
1080,8,34512,43,1335815,23489,1304,0,0.005771,19
1080,9,35056,43,1338060,22833,1304,0,0.005084,19
1080,10,34532,43,1338011,23985,1304,0,0.003425,19
1080,11,34848,61,1340825,24978,1309,0,0.002352,19
1080,12,34696,43,1334306,20925,1304,0,0.004800,19
1080,13,34952,43,1334138,21954,1304,0,0.005589,19
1080,14,35128,43,1333465,22295,1309,0,0.002090,19
1080,15,34644,43,1332523,21176,1309,0,0.002826,19
1080,16,34312,47,1482128,23536,1309,0,0.003673,19
1080,17,34768,44,1336183,22663,1307,0,0.004946,19
1080,18,34796,44,1334131,22179,1309,0,0.002565,19
1080,19,34672,44,1342569,25062,1309,0,0.003319,19
1080,20,34592,44,1336290,23156,1309,0,0.003429,19
1140,1,35352,43,1429965,25000,1285,0,0.003742,19
1140,2,35000,43,1424329,23832,1285,0,0.007991,19
1140,3,35364,43,1429856,25317,1285,0,0.007214,19
1140,4,35200,43,1427432,23750,1285,0,0.004871,19
1140,5,35208,43,1425807,24122,1280,0,0.006979,19
1140,6,35184,43,1423392,22876,1285,0,0.005360,19
1140,7,35404,43,1420371,22534,1285,0,0.005511,19
1140,8,35328,43,1421573,22425,1285,0,0.006679,19
1140,9,35872,43,1424613,22928,1285,0,0.005084,19
1140,10,35312,43,1425148,24070,1285,0,0.004026,19
1140,11,35660,61,1432185,27073,1285,0,0.002352,19
1140,12,35484,43,1424430,23031,1285,0,0.004800,19
1140,13,35768,43,1422899,22957,1285,0,0.005589,19
1140,14,35884,43,1420952,22563,1285,0,0.002090,19
1140,15,35476,43,1420580,21892,1285,0,0.002826,19
1140,16,34352,47,1571252,24825,1285,0,0.003858,19
1140,17,35516,44,1423752,22512,1285,0,0.004946,19
1140,18,35560,44,1422479,22940,1285,0,0.002565,19
1140,19,35496,44,1429158,25288,1285,0,0.003319,19
1140,20,35332,44,1422605,22960,1285,0,0.003429,19
1201,1,35360,43,1521555,25270,1282,0,0.003742,19
1201,2,35024,43,1517409,25005,1282,0,0.007991,19
1201,3,35384,43,1520183,25508,1287,0,0.007214,19
1201,4,35200,44,1516785,23396,1287,0,0.004871,19
1201,5,35212,44,1516393,24283,1287,0,0.006979,19
1201,6,35184,44,1513336,23125,1287,0,0.005360,19
1201,7,35404,44,1510381,22446,1287,0,0.005511,19
1201,8,35348,44,1511739,22774,1287,0,0.006679,19
1201,9,35900,44,1514967,23359,1287,0,0.005084,19
1201,10,35356,44,1518287,26136,1287,0,0.004026,19
1201,11,35704,62,1524980,28128,1283,0,0.002352,19
1201,12,35532,44,1516020,24400,1287,0,0.004800,19
1201,13,35796,44,1515990,24820,1287,0,0.005589,19
1201,14,35956,44,1514511,24189,1282,0,0.002571,19
1201,15,35492,44,1512789,22426,1282,0,0.002826,19
1201,16,34396,48,1664636,26061,1282,0,0.003858,19
1201,17,35556,45,1516086,23724,1286,0,0.004946,19
1201,18,35616,45,1515729,24363,1282,0,0.002565,19
1201,19,35536,45,1519256,24753,1282,0,0.003319,19
1201,20,31880,42,1658711,23126,67,0,0.000019,0
1260,1,35396,43,1606975,25205,1295,0,0.003742,19
1260,2,35028,43,1607235,27305,1295,0,0.007991,19
1260,3,35396,43,1608311,25517,1290,0,0.007214,19
1260,4,35248,43,1605478,24298,1290,0,0.004871,19
1260,5,35216,43,1603084,24812,1295,0,0.006979,19
1260,6,35192,43,1602521,23708,1290,0,0.005360,19
1260,7,35404,43,1599017,23243,1290,0,0.005511,19
1260,8,35352,43,1599718,22810,1295,0,0.006679,19
1260,9,35912,43,1601139,22149,1292,0,0.005084,19
1260,10,35400,43,1608353,27237,1290,0,0.004026,19
1260,11,35704,60,1612053,27899,1295,0,0.002352,19
1260,12,35584,43,1606058,25556,1290,0,0.004800,19
1260,13,35796,43,1607301,26548,1290,0,0.005589,19
1260,14,35984,43,1604716,26209,1295,0,0.002571,19
1260,15,35504,43,1601399,23928,1295,0,0.002826,19
1260,16,34472,47,1753989,27423,1295,0,0.003858,19
1260,17,35564,44,1604014,23941,1295,0,0.004946,19
1260,18,35616,44,1604096,24996,1295,0,0.002565,19
1260,19,35572,44,1607769,25541,1295,0,0.003319,19
1260,20,32224,43,1744836,23529,1295,0,0.002967,19
1320,1,35416,43,1696132,25607,1295,0,0.003742,19
1320,2,35056,43,1697935,28248,1291,0,0.007991,19
1320,3,35396,43,1697695,26571,1296,0,0.007214,19
1320,4,35260,43,1694384,24906,1296,0,0.004871,19
1320,5,35220,43,1694416,26117,1291,0,0.006979,19
1320,6,35196,43,1693485,26032,1295,0,0.005360,19
1320,7,35404,43,1687622,23877,1295,0,0.005511,19
1320,8,35356,43,1688340,23317,1295,0,0.006679,19
1320,9,35916,43,1688489,22325,1295,0,0.005084,19
1320,10,35592,43,1699687,29592,1295,0,0.004026,19
1320,11,35728,60,1698350,27434,1295,0,0.002352,19
1320,12,35584,43,1695514,26999,1295,0,0.005047,19
1320,13,35820,43,1697506,28474,1295,0,0.005589,19
1320,14,35984,43,1691055,25823,1295,0,0.002571,19
1320,15,35516,43,1687967,23729,1295,0,0.002826,19
1320,16,34496,47,1842546,28105,1295,0,0.003858,19
1320,17,35572,44,1692330,24556,1295,0,0.004946,19
1320,18,35620,44,1691106,24561,1295,0,0.002565,19
1320,19,35584,44,1695156,25626,1295,0,0.003319,19
1320,20,32364,43,1836324,25022,1291,0,0.003760,19
1380,1,35456,43,1788697,25745,1284,0,0.003742,19
1380,2,35064,43,1789592,29118,1289,0,0.007991,19
1380,3,35420,43,1789089,27466,1289,0,0.007214,19
1380,4,35284,43,1788032,26756,1289,0,0.004871,19
1380,5,35220,43,1786657,27462,1289,0,0.006979,19
1380,6,35220,43,1785514,26486,1289,0,0.005360,19
1380,7,35420,43,1778645,24001,1289,0,0.005511,19
1380,8,35408,43,1780208,24110,1289,0,0.006679,19
1380,9,35940,43,1780525,22780,1289,0,0.005084,19
1380,10,35628,43,1793104,30826,1289,0,0.004026,19
1380,11,35772,60,1791215,27750,1284,0,0.002352,19
1380,12,35584,43,1787497,27532,1289,0,0.005047,19
1380,13,35844,43,1789614,29400,1289,0,0.005589,19
1380,14,35988,43,1782921,25641,1284,0,0.003649,19
1380,15,35524,43,1781908,24755,1284,0,0.002826,19
1380,16,34548,47,1934704,27930,1284,0,0.004017,19
1380,17,35596,44,1785922,26157,1286,0,0.004946,19
1380,18,35620,44,1784519,25540,1284,0,0.002565,19
1380,19,35620,44,1787778,25809,1284,0,0.003319,19
1380,20,32556,43,1928992,25707,1289,0,0.003760,19
1440,1,35472,43,1873628,26407,1310,0,0.003742,19
1440,2,35096,43,1876250,30061,1310,0,0.007991,19
1440,3,35420,43,1874178,26748,1305,0,0.007214,19
1440,4,35308,43,1876829,28302,1305,0,0.004871,19
1440,5,35220,43,1873083,28322,1310,0,0.006979,19
1440,6,35252,43,1873515,27697,1309,0,0.005360,19
1440,7,35420,43,1867448,25672,1305,0,0.005511,19
1440,8,35436,43,1866852,25352,1310,0,0.006679,19
1440,9,36004,43,1867435,24411,1310,0,0.005084,19
1440,10,35644,43,1878699,30892,1309,0,0.004026,19
1440,11,35776,60,1875904,27640,1310,0,0.002388,19
1440,12,35588,43,1875224,28448,1309,0,0.005047,19
1440,13,35844,43,1875670,29354,1309,0,0.005589,19
1440,14,36008,43,1866819,25757,1310,0,0.003758,19
1440,15,35524,43,1866695,24732,1309,0,0.002826,19
1440,16,34584,47,2021898,29979,1310,0,0.004017,19
1440,17,35604,44,1874168,27832,1309,0,0.004946,19
1440,18,35628,44,1868759,25212,1309,0,0.002565,19
1440,19,35636,44,1874227,27130,1309,0,0.003319,19
1440,20,33272,43,2014221,26894,1310,0,0.003963,19
1500,1,35504,42,1964210,27612,1307,0,0.003742,19
1500,2,35160,43,1966001,30438,1304,0,0.007991,19
1500,3,35432,42,1963369,27826,1307,0,0.007214,19
1500,4,35312,43,1963827,28448,1307,0,0.004871,19
1500,5,35224,43,1964329,29136,1302,0,0.006979,19
1500,6,35276,42,1963889,29661,1307,0,0.005536,19
1500,7,35440,43,1957024,27143,1307,0,0.005511,19
1500,8,35436,43,1955029,25422,1307,0,0.006679,19
1500,9,36052,43,1957758,25469,1307,0,0.005084,19
1500,10,35648,42,1965164,30221,1307,0,0.004026,19
1500,11,35776,52,1965151,27827,1307,0,0.002388,19
1500,12,35604,42,1963338,29114,1307,0,0.005047,19
1500,13,35844,43,1963724,29330,1307,0,0.005589,19
1500,14,36056,43,1955191,25631,1307,0,0.003758,19
1500,15,35524,43,1955436,25754,1307,0,0.002826,19
1500,16,34612,46,2110457,29984,1307,0,0.004017,19
1500,17,35612,43,1963535,28829,1307,0,0.004946,19
1500,18,35648,44,1958809,26702,1307,0,0.002565,19
1500,19,35652,43,1965554,29774,1307,0,0.003319,19
1500,20,33580,43,2103402,26909,1302,0,0.003963,19
1560,1,35732,42,2057079,28846,1303,0,0.003742,19
1560,2,35204,42,2055533,29927,1308,0,0.007991,19
1560,3,35432,42,2053567,27763,1308,0,0.008463,19
1560,4,35316,42,2055569,29371,1308,0,0.004871,19
1560,5,35228,42,2058370,31799,1308,0,0.006979,19
1560,6,35276,42,2055133,30193,1308,0,0.005536,19
1560,7,35448,42,2048582,27985,1308,0,0.005511,19
1560,8,35436,42,2049481,27259,1303,0,0.006679,19
1560,9,36052,42,2050159,26786,1306,0,0.005084,19
1560,10,35704,42,2057018,30693,1308,0,0.004026,19
1560,11,35784,42,2058379,29120,1303,0,0.002481,19
1560,12,35616,42,2055253,29930,1308,0,0.005047,19
1560,13,35844,42,2054930,29309,1308,0,0.005589,19
1560,14,36080,42,2048586,26421,1303,0,0.003758,19
1560,15,35540,42,2047677,26105,1303,0,0.002826,19
1560,16,34652,46,2201332,29360,1308,0,0.004017,19
1560,17,35628,43,2056762,29993,1303,0,0.004946,19
1560,18,35648,43,2052374,27836,1303,0,0.002565,19
1560,19,35652,43,2056683,29409,1303,0,0.003319,19
1560,20,34064,43,2195506,27940,1308,0,0.003963,19
1620,1,35752,42,2146771,30007,1315,0,0.003742,19
1620,2,35232,42,2143222,29111,1315,0,0.007991,19
1620,3,35448,42,2146016,29154,1311,0,0.008463,19
1620,4,35316,42,2146993,30535,1311,0,0.004871,19
1620,5,35228,42,2149172,32535,1315,0,0.006979,19
1620,6,35284,42,2145725,30849,1315,0,0.005536,19
1620,7,35472,42,2140197,28935,1316,0,0.005511,19
1620,8,35440,42,2139418,28383,1315,0,0.006679,19
1620,9,36080,42,2142466,29162,1315,0,0.005084,19
1620,10,35716,42,2145704,30038,1315,0,0.004026,19
1620,11,35792,42,2149749,31406,1315,0,0.002828,19
1620,12,35620,42,2144848,29389,1316,0,0.005738,19
1620,13,35844,42,2143754,29075,1315,0,0.005589,19
1620,14,36096,42,2138673,28109,1315,0,0.003758,19
1620,15,35540,42,2138042,27841,1315,0,0.002826,19
1620,16,34656,46,2289395,29443,1315,0,0.004017,19
1620,17,35628,43,2145144,30422,1315,0,0.004946,19
1620,18,35652,43,2140967,28447,1315,0,0.002565,19
1620,19,35660,43,2145993,30026,1315,0,0.003319,19
1620,20,34476,43,2284267,28177,1315,0,0.003963,19
1680,1,35756,42,2239414,31581,1316,0,0.003742,19
1680,2,35232,42,2235760,30517,1316,0,0.007991,19
1680,3,35448,42,2234425,29013,1316,0,0.008463,19
1680,4,35348,42,2234482,29430,1316,0,0.005176,19
1680,5,35432,42,2240315,33168,1316,0,0.006979,19
1680,6,35304,42,2238243,32290,1316,0,0.005536,19
1680,7,35480,42,2231445,30531,1316,0,0.005511,19
1680,8,35444,42,2230739,29412,1316,0,0.006907,19
1680,9,36084,42,2232248,29333,1316,0,0.005084,19
1680,10,35724,42,2236660,30461,1316,0,0.004026,19
1680,11,35792,42,2239520,31578,1316,0,0.003680,19
1680,12,35668,42,2235945,30781,1316,0,0.008545,19
1680,13,35844,42,2233180,29190,1316,0,0.005589,19
1680,14,36120,42,2229676,29088,1316,0,0.003758,19
1680,15,35548,42,2229949,28971,1316,0,0.002826,19
1680,16,35476,46,2380415,30239,1316,0,0.004472,19
1680,17,35652,43,2237292,31607,1316,0,0.004946,19
1680,18,35688,43,2233027,29704,1316,0,0.002565,19
1680,19,35664,43,2235382,30006,1316,0,0.003319,19
1680,20,34500,43,2376496,28991,1316,0,0.003963,19
1740,1,35796,42,2328651,31879,1310,0,0.003742,19
1740,2,35232,42,2326220,31334,1310,0,0.007991,19
1740,3,35484,42,2325898,30743,1310,0,0.008463,19
1740,4,35388,42,2327104,31176,1310,0,0.005176,19
1740,5,35456,42,2329618,33135,1310,0,0.006979,19
1740,6,35336,42,2328919,32742,1311,0,0.005536,19
1740,7,35544,42,2320128,29916,1310,0,0.005511,19
1740,8,35456,42,2320696,30124,1310,0,0.006907,19
1740,9,36088,42,2321932,29683,1310,0,0.005084,19
1740,10,35728,42,2328261,31832,1311,0,0.004026,19
1740,11,35804,42,2329197,32028,1310,0,0.003680,19
1740,12,35692,42,2328604,32243,1311,0,0.008545,19
1740,13,35844,42,2322786,29254,1311,0,0.005589,19
1740,14,36120,42,2319396,29779,1311,0,0.003758,19
1740,15,35552,42,2320451,29669,1311,0,0.002826,19
1740,16,35488,46,2469422,29896,1310,0,0.004472,19
1740,17,35660,43,2328618,32263,1311,0,0.004946,19
1740,18,35688,43,2327641,32721,1311,0,0.002565,19
1740,19,35696,43,2325732,30305,1311,0,0.003319,19
1740,20,34576,43,2465261,29658,1310,0,0.008640,19
1800,1,35808,42,2417060,32156,1313,0,0.003742,19
1800,2,35304,42,2417057,32825,1313,0,0.007991,19
1800,3,35488,42,2416998,32281,1313,0,0.008463,19
1800,4,35464,42,2417725,33037,1313,0,0.005176,19
1800,5,35468,43,2417663,33227,1313,0,0.006979,19
1800,6,35352,43,2416927,33113,1313,0,0.005536,19
1800,7,35560,43,2408996,30370,1313,0,0.006483,19
1800,8,31708,42,2548484,30764,74,0,0.000065,0
1800,9,36104,43,2411225,30525,1313,0,0.005084,19
1800,10,35824,42,2417655,33439,1313,0,0.004026,19
1800,11,35828,43,2416327,31647,1313,0,0.003680,19
1800,12,35740,43,2417148,33274,1313,0,0.008545,19
1800,13,35864,43,2409210,28920,1313,0,0.005589,19
1800,14,36128,43,2407981,30257,1313,0,0.003758,19
1800,15,35580,43,2410585,31344,1313,0,0.002826,19
1800,16,35488,47,2557124,29829,1313,0,0.004472,19
1800,17,35672,44,2418510,33497,1313,0,0.004946,19
1800,18,35688,44,2416188,33147,1313,0,0.002565,19
1800,19,35704,44,2412680,29917,1313,0,0.003319,19
1800,20,34588,44,2555564,31345,1313,0,0.008640,19
1860,1,35872,43,2507150,31785,1316,0,0.003742,19
1860,2,35424,43,2511154,34574,1316,0,0.007991,19
1860,3,35532,43,2510967,34378,1316,0,0.008463,19
1860,4,35464,43,2512570,35336,1316,0,0.006414,19
1860,5,35480,43,2507106,31909,1316,0,0.006979,19
1860,6,35428,43,2508749,33777,1316,0,0.005536,19
1860,7,35568,43,2503144,32358,1316,0,0.006483,19
1860,8,32312,54,2643796,31497,1316,0,0.002917,19
1860,9,36120,44,2503041,31188,1316,0,0.005084,19
1860,10,35908,61,2508871,33208,1316,0,0.005848,19
1860,11,35908,44,2508966,32595,1316,0,0.003680,19
1860,12,35804,44,2509311,33904,1316,0,0.008545,19
1860,13,35892,44,2501213,29497,1316,0,0.005589,19
1860,14,36148,44,2501820,31723,1316,0,0.003758,19
1860,15,35588,44,2503147,32505,1316,0,0.002826,19
1860,16,35552,48,2653117,32398,1316,0,0.004472,19
1860,17,35736,45,2509913,33715,1316,0,0.004946,19
1860,18,35688,45,2506061,32552,1316,0,0.002565,19
1860,19,35704,45,2502690,29749,1316,0,0.003319,19
1860,20,34636,45,2647894,31746,1316,0,0.008640,19
1920,1,35884,43,2596256,31273,1312,0,0.003742,19
1920,2,35512,43,2603658,36386,1312,0,0.007991,19
1920,3,35544,43,2601665,34702,1313,0,0.008463,19
1920,4,35464,43,2605058,36464,1312,0,0.006414,19
1920,5,35540,43,2598998,32780,1312,0,0.006979,19
1920,6,35468,43,2598461,33428,1312,0,0.005536,19
1920,7,35568,43,2593973,32626,1312,0,0.006483,19
1920,8,32604,54,2733763,31455,1312,0,0.005490,19
1920,9,36124,44,2592686,30625,1312,0,0.005084,19
1920,10,35948,61,2598372,32964,1312,0,0.005848,19
1920,11,35948,44,2604037,35022,1312,0,0.003680,19
1920,12,35828,44,2602123,35692,1312,0,0.008545,19
1920,13,35908,44,2594171,31338,1312,0,0.005589,19
1920,14,36148,44,2594271,33035,1312,0,0.003758,19
1920,15,35592,44,2593194,32406,1312,0,0.002826,19
1920,16,35576,48,2745758,34286,1312,0,0.004472,19
1920,17,35744,45,2600446,34275,1312,0,0.004946,19
1920,18,35900,45,2598969,34075,1312,0,0.002565,19
1920,19,35708,45,2593391,30172,1312,0,0.003319,19
1920,20,34644,45,2737519,31967,1312,0,0.008640,19
1980,1,35884,43,2687661,32184,1308,0,0.003742,19
1980,2,35528,43,2694986,36864,1308,0,0.007991,19
1980,3,35568,43,2692387,35569,1308,0,0.008463,19
1980,4,35468,43,2698309,38739,1308,0,0.009137,19
1980,5,35592,43,2690185,33724,1308,0,0.006979,19
1980,6,35476,43,2689241,33985,1308,0,0.005536,19
1980,7,35648,43,2685017,33259,1308,0,0.006483,19
1980,8,32776,54,2822983,31311,1308,0,0.005490,19
1980,9,36180,44,2685379,32453,1308,0,0.005084,19
1980,10,35972,61,2687126,32505,1308,0,0.005848,19
1980,11,36008,44,2694738,35946,1308,0,0.003680,19
1980,12,35844,44,2690935,35285,1308,0,0.008545,19
1980,13,35912,44,2687532,33673,1308,0,0.006152,19
1980,14,36156,44,2683609,33018,1308,0,0.003758,19
1980,15,35676,44,2684111,32909,1308,0,0.002826,19
1980,16,35588,48,2836502,35133,1312,0,0.004472,19
1980,17,35780,45,2691082,34823,1308,0,0.004946,19
1980,18,35952,45,2689222,34402,1308,0,0.002565,19
1980,19,35744,45,2684083,31235,1308,0,0.003319,19
1980,20,34704,45,2830419,33149,1307,0,0.008640,19
2040,1,35904,43,2775951,32749,1310,0,0.003742,19
2040,2,35544,43,2783585,37134,1310,0,0.007991,19
2040,3,35600,43,2780461,35660,1314,0,0.008463,19
2040,4,35484,43,2785451,37780,1314,0,0.009137,19
2040,5,35612,43,2779274,34699,1310,0,0.006979,19
2040,6,35484,43,2777513,34283,1310,0,0.005536,19
2040,7,35652,43,2773872,34003,1310,0,0.006483,19
2040,8,33644,54,2911755,31844,1310,0,0.005490,19
2040,9,36180,44,2775988,34153,1310,0,0.005084,19
2040,10,35972,61,2775548,32852,1310,0,0.005848,19
2040,11,36008,44,2786108,37946,1310,0,0.003680,19
2040,12,35864,44,2780393,35810,1310,0,0.008545,19
2040,13,35916,44,2775927,34499,1310,0,0.006152,19
2040,14,36168,44,2774242,34493,1310,0,0.003758,19
2040,15,35704,44,2773469,34018,1310,0,0.002826,19
2040,16,35596,48,2923727,34934,1310,0,0.004472,19
2040,17,35784,45,2779449,34955,1310,0,0.004946,19
2040,18,35976,45,2777856,34609,1310,0,0.002565,19
2040,19,35752,45,2776167,33800,1310,0,0.003319,19
2040,20,34720,45,2920135,34906,1310,0,0.008640,19
2100,1,35920,43,2865707,33774,1305,0,0.005001,19
2100,2,35624,43,2872971,37380,1305,0,0.007991,19
2100,3,35604,43,2871822,36867,1305,0,0.008463,19
2100,4,35484,43,2874077,37873,1305,0,0.018309,19
2100,5,35620,43,2868505,35491,1310,0,0.006979,19
2100,6,35484,43,2867725,35462,1305,0,0.005536,19
2100,7,35652,43,2862817,34533,1305,0,0.006483,19
2100,8,33808,54,3002245,33265,1305,0,0.005490,19
2100,9,36180,44,2863337,33776,1305,0,0.005084,19
2100,10,35996,61,2865594,33668,1305,0,0.005848,19
2100,11,36020,44,2876291,39449,1305,0,0.006958,19
2100,12,35872,44,2869543,36387,1305,0,0.008545,19
2100,13,35916,44,2867595,36783,1305,0,0.006152,19
2100,14,36176,44,2866108,36933,1305,0,0.003758,19
2100,15,35704,44,2862619,34311,1305,0,0.002826,19
2100,16,35612,48,3011102,34846,1305,0,0.004472,19
2100,17,35788,45,2868812,35426,1305,0,0.004946,19
2100,18,35976,45,2865920,34381,1305,0,0.002565,19
2100,19,35784,45,2864904,34281,1305,0,0.003319,19
2100,20,34760,45,3008524,35121,1310,0,0.008640,19
2160,1,35932,43,2961335,35997,1316,0,0.005001,19
2160,2,35668,43,2965376,37443,1311,0,0.007991,19
2160,3,35628,43,2967091,38149,1311,0,0.008463,19
2160,4,35496,43,2965523,36999,1311,0,0.018309,19
2160,5,35632,43,2961701,36361,1311,0,0.006979,19
2160,6,35492,43,2960650,35943,1311,0,0.005536,19
2160,7,35660,43,2954180,33605,1311,0,0.006483,19
2160,8,34296,54,3095628,33769,1311,0,0.005490,19
2160,9,36180,44,2958645,35530,1311,0,0.005084,19
2160,10,36008,61,2960461,35507,1311,0,0.005848,19
2160,11,36040,44,2970975,40812,1313,0,0.006958,19
2160,12,35880,44,2961879,36428,1311,0,0.008545,19
2160,13,35916,44,2961893,38047,1311,0,0.006152,19
2160,14,36184,44,2959279,37091,1316,0,0.003758,19
2160,15,35708,44,2955484,34710,1316,0,0.002826,19
2160,16,35628,48,3106416,35785,1313,0,0.004472,19
2160,17,35804,45,2962175,36216,1311,0,0.004946,19
2160,18,36036,45,2959210,35386,1316,0,0.002565,19
2160,19,35804,45,2959701,36102,1316,0,0.003319,19
2160,20,34792,45,3101002,35417,1311,0,0.008640,19
2220,1,37504,43,3052222,37129,1312,0,0.005001,19
2220,2,37300,43,3053232,36571,1312,0,0.007991,19
2220,3,37172,43,3056754,38133,1309,0,0.008463,19
2220,4,37092,43,3056664,37498,1309,0,0.018309,19
2220,5,37232,43,3053632,37406,1312,0,0.006979,19
2220,6,37100,43,3054195,38136,1314,0,0.005536,19
2220,7,37248,43,3046102,34634,1314,0,0.006483,19
2220,8,34416,54,3187412,35292,1312,0,0.007940,19
2220,9,37772,44,3049990,36868,1312,0,0.005084,19
2220,10,36020,61,3053202,37370,1314,0,0.005848,19
2220,11,36048,44,3061036,40364,1312,0,0.006958,19
2220,12,37468,44,3054177,37525,1314,0,0.008545,19
2220,13,37492,44,3050948,37318,1314,0,0.006152,19
2220,14,37744,44,3049189,37283,1312,0,0.003758,19
2220,15,37020,44,3045442,35273,1312,0,0.002826,19
2220,16,35656,48,3195849,36029,1312,0,0.004472,19
2220,17,37344,45,3051922,36596,1314,0,0.006876,19
2220,18,37628,45,3050387,36071,1312,0,0.002565,19
2220,19,37424,45,3050641,37217,1312,0,0.003319,19
2220,20,34824,45,3192120,36574,1312,0,0.008640,19
2280,1,37520,43,3139818,37327,1311,0,0.005001,19
2280,2,37312,43,3143626,37805,1306,0,0.007991,19
2280,3,37236,43,3144738,39293,1311,0,0.008463,19
2280,4,37116,43,3142802,37145,1311,0,0.018309,19
2280,5,37232,43,3142848,38039,1306,0,0.006979,19
2280,6,37120,43,3142422,39132,1311,0,0.005536,19
2280,7,37280,43,3133146,35219,1311,0,0.006483,19
2280,8,34860,54,3276139,35983,1311,0,0.007940,19
2280,9,37788,44,3136571,36515,1311,0,0.005084,19
2280,10,37592,61,3141141,38557,1311,0,0.005848,19
2280,11,37204,44,3148968,41209,1311,0,0.006958,19
2280,12,37480,44,3143667,39627,1311,0,0.008545,19
2280,13,37500,44,3139228,38152,1311,0,0.006152,19
2280,14,37828,44,3137650,38520,1311,0,0.003758,19
2280,15,37068,44,3131559,34895,1311,0,0.002826,19
2280,16,35668,48,3285584,37104,1306,0,0.004472,19
2280,17,37348,45,3139419,37000,1311,0,0.006876,19
2280,18,37636,45,3140708,38194,1311,0,0.002565,19
2280,19,37440,45,3137959,37699,1311,0,0.003319,19
2280,20,34844,45,3280571,36578,1306,0,0.008640,19
2340,1,37520,43,3234126,39522,1308,0,0.005001,19
2340,2,37328,43,3231588,37563,1313,0,0.007991,19
2340,3,37268,43,3237435,40449,1308,0,0.008463,19
2340,4,37116,43,3236129,38537,1308,0,0.018309,19
2340,5,37232,43,3233594,39297,1313,0,0.006979,19
2340,6,37128,43,3233422,39382,1308,0,0.005536,19
2340,7,37304,42,3227340,37149,1308,0,0.006483,19
2340,8,34920,54,3367219,37365,1313,0,0.007940,19
2340,9,37836,44,3229618,37436,1308,0,0.005084,19
2340,10,37644,59,3233661,39535,1308,0,0.005865,19
2340,11,37216,43,3238307,40085,1308,0,0.006958,19
2340,12,37484,44,3236408,40548,1308,0,0.008545,19
2340,13,37520,44,3231589,39256,1308,0,0.006152,19
2340,14,37844,44,3229547,38887,1308,0,0.003758,19
2340,15,37116,44,3222659,35112,1308,0,0.002826,19
2340,16,35692,47,3375676,37747,1308,0,0.004472,19
2340,17,37372,45,3232284,38268,1308,0,0.006876,19
2340,18,37704,45,3232284,38379,1308,0,0.002565,19
2340,19,37440,45,3227402,36317,1308,0,0.003319,19
2340,20,35596,45,3372189,37359,1312,0,0.008640,19
2400,1,37540,43,3323352,40463,1321,0,0.005001,19
2400,2,37344,42,3321119,38145,1321,0,0.007991,19
2400,3,37272,42,3326714,40795,1316,0,0.008463,19
2400,4,37116,42,3325584,39508,1316,0,0.018309,19
2400,5,37240,44,3322329,39053,1316,0,0.006979,19
2400,6,37132,44,3321571,39342,1320,0,0.005536,18
2400,7,37332,43,3316165,37764,1320,0,0.006483,18
2400,8,35000,55,3457187,37761,1316,0,0.007940,19
2400,9,37836,45,3319961,39842,1321,0,0.005084,19
2400,10,37656,56,3320803,38938,1320,0,0.005865,19
2400,11,31904,42,3474943,40981,97,0,0.000760,11
2400,12,37488,45,3324741,40714,1320,0,0.008545,18
2400,13,37520,45,3323603,41143,1320,0,0.006152,19
2400,14,37844,45,3316579,38450,1321,0,0.003758,19
2400,15,37216,45,3310165,35385,1321,0,0.002826,19
2400,16,35732,48,3464919,39513,1321,0,0.004472,19
2400,17,37412,46,3321656,38768,1320,0,0.006876,19
2400,18,37712,46,3321854,39355,1320,0,0.002565,19
2400,19,37448,46,3318908,38522,1320,0,0.003319,19
2400,20,35612,46,3463001,38888,1316,0,0.008640,19
2460,1,37544,43,3415685,40605,1306,0,0.005001,19
2460,2,37344,42,3414441,38857,1306,0,0.007991,19
2460,3,37304,42,3417177,40672,1310,0,0.008463,19
2460,4,37116,42,3417214,40745,1310,0,0.018309,19
2460,5,37260,43,3414384,39844,1306,0,0.006979,19
2460,6,37192,43,3412723,40139,1310,0,0.005536,19
2460,7,37332,42,3408204,39180,1310,0,0.006483,19
2460,8,35072,54,3549020,38891,1310,0,0.007940,19
2460,9,37836,44,3410763,39539,1310,0,0.005084,19
2460,10,37660,52,3414647,40904,1310,0,0.005865,19
2460,11,32336,52,3563578,40257,1310,0,0.003219,19
2460,12,37528,45,3416886,42184,1310,0,0.008545,19
2460,13,37520,45,3413606,40914,1310,0,0.006635,19
2460,14,37848,44,3410277,39400,1306,0,0.003758,19
2460,15,37224,45,3402982,35863,1306,0,0.002826,19
2460,16,35752,48,3557094,39308,1306,0,0.004472,19
2460,17,37440,45,3416363,41077,1306,0,0.006876,19
2460,18,37720,46,3413993,40278,1306,0,0.002565,19
2460,19,37448,46,3411072,39410,1306,0,0.003319,19
2460,20,35616,45,3554796,39817,1306,0,0.008640,19
2520,1,37544,42,3505674,41454,1300,0,0.005001,19
2520,2,37348,42,3506231,40981,1300,0,0.007991,19
2520,3,37332,42,3508752,41960,1300,0,0.008463,19
2520,4,37116,42,3506218,40292,1300,0,0.018309,19
2520,5,37260,42,3504984,40762,1300,0,0.006979,19
2520,6,37196,42,3502436,39158,1295,0,0.005536,19
2520,7,37332,42,3499314,39397,1295,0,0.006483,19
2520,8,35100,54,3640473,39760,1300,0,0.007940,19
2520,9,37840,43,3503450,40535,1297,0,0.005084,19
2520,10,37712,43,3506470,41360,1297,0,0.005865,19
2520,11,32640,52,3657008,41407,1297,0,0.006007,19
2520,12,37536,44,3509134,42789,1297,0,0.008545,19
2520,13,37520,44,3506366,42654,1297,0,0.006635,19
2520,14,37868,44,3500911,39798,1297,0,0.003758,19
2520,15,37224,44,3494523,36970,1297,0,0.002826,19
2520,16,35756,48,3649546,41352,1300,0,0.004472,19
2520,17,37464,45,3506427,41584,1297,0,0.006876,19
2520,18,37736,45,3503580,40048,1297,0,0.002565,19
2520,19,37480,45,3502868,40536,1297,0,0.003319,19
2520,20,35652,45,3644095,40037,1300,0,0.008640,19
2580,1,37544,42,3594557,42532,1297,0,0.005001,19
2580,2,37348,42,3592683,40676,1297,0,0.007991,19
2580,3,37332,42,3595825,42178,1297,0,0.008463,19
2580,4,37116,42,3594651,41573,1297,0,0.018309,19
2580,5,37264,42,3593809,41531,1297,0,0.006979,19
2580,6,37200,42,3588966,39659,1297,0,0.005536,19
2580,7,37336,42,3586472,40479,1297,0,0.006483,19
2580,8,35144,54,3726774,39776,1297,0,0.007940,19
2580,9,37840,43,3590929,41824,1297,0,0.005084,19
2580,10,37732,43,3592701,41840,1297,0,0.005865,19
2580,11,32700,52,3742995,41886,1297,0,0.006007,19
2580,12,37544,44,3595985,43336,1297,0,0.008545,19
2580,13,37520,44,3591691,42348,1297,0,0.006635,19
2580,14,37892,44,3588838,41245,1297,0,0.003758,19
2580,15,37224,44,3581597,38287,1297,0,0.002826,19
2580,16,35764,48,3738117,42353,1297,0,0.004472,19
2580,17,37488,45,3594856,43162,1297,0,0.007728,19
2580,18,37744,45,3589102,39792,1297,0,0.003127,19
2580,19,37492,45,3591807,42605,1297,0,0.003319,19
2580,20,35672,45,3730659,40152,1297,0,0.008640,19
2640,1,37544,42,3681983,41735,1296,0,0.005001,19
2640,2,37348,42,3685100,42714,1292,0,0.007991,19
2640,3,37332,42,3689695,44575,1292,0,0.008463,19
2640,4,37116,42,3684469,41716,1292,0,0.018309,19
2640,5,37268,42,3683097,41677,1292,0,0.006979,19
2640,6,37212,42,3678271,39985,1292,0,0.005536,19
2640,7,37352,42,3675808,40051,1292,0,0.006483,19
2640,8,35156,54,3814855,39013,1292,0,0.007940,19
2640,9,37840,43,3682693,42737,1292,0,0.005084,19
2640,10,37740,43,3683236,42375,1292,0,0.005865,19
2640,11,33560,52,3834485,43440,1292,0,0.006007,19
2640,12,37544,44,3686772,43703,1292,0,0.008545,19
2640,13,37520,44,3681491,42518,1292,0,0.006635,19
2640,14,37924,44,3679868,42193,1297,0,0.003758,19
2640,15,37248,44,3670854,38349,1297,0,0.002826,19
2640,16,35764,48,3832494,45413,1297,0,0.004472,19
2640,17,37512,45,3684511,43297,1297,0,0.007728,19
2640,18,37744,45,3682101,41969,1297,0,0.003127,19
2640,19,37492,45,3682891,43796,1297,0,0.003319,19
2640,20,35672,45,3821892,40896,1292,0,0.008640,19
2700,1,37544,42,3774812,42553,1295,0,0.005001,19
2700,2,37348,42,3777522,43977,1295,0,0.007991,19
2700,3,37332,42,3783972,46705,1300,0,0.015009,19
2700,4,37116,42,3774825,41886,1300,0,0.018309,19
2700,5,37276,42,3775093,42991,1295,0,0.006979,19
2700,6,37224,42,3769149,40418,1295,0,0.005536,19
2700,7,37368,42,3766211,40297,1295,0,0.006483,19
2700,8,35188,54,3906108,39679,1295,0,0.007940,19
2700,9,37860,43,3771868,41889,1295,0,0.005084,19
2700,10,37740,43,3776627,44482,1295,0,0.008717,19
2700,11,33744,52,3925460,43841,1295,0,0.006007,19
2700,12,37544,47,3778920,44450,1295,0,0.008545,19
2700,13,37520,44,3774849,43686,1295,0,0.006635,19
2700,14,37932,44,3772211,43534,1295,0,0.003758,19
2700,15,37248,44,3761106,38460,1295,0,0.002826,19
2700,16,37332,48,3923924,46127,1295,0,0.004472,19
2700,17,37544,45,3775526,43701,1295,0,0.007728,19
2700,18,37744,45,3775259,43594,1295,0,0.003127,19
2700,19,37508,45,3772927,43359,1295,0,0.003319,19
2700,20,35680,45,3913431,41577,1295,0,0.008640,19
2760,1,37548,43,3865195,43033,1293,0,0.005001,19
2760,2,37348,43,3871640,46877,1297,0,0.007991,19
2760,3,37332,43,3875101,47545,1293,0,0.015009,19
2760,4,37116,43,3864771,42055,1293,0,0.018309,19
2760,5,37608,61,3866959,44384,1297,0,0.006979,19
2760,6,37248,43,3859171,40713,1293,0,0.005536,19
2760,7,37408,43,3858218,41427,1293,0,0.006483,19
2760,8,36008,55,3998133,40906,1293,0,0.007940,19
2760,9,37868,44,3862276,42502,1293,0,0.005084,19
2760,10,37740,44,3867672,44558,1293,0,0.008717,19
2760,11,34244,53,4017158,45212,1293,0,0.006007,19
2760,12,37548,45,3868332,44778,1293,0,0.008545,19
2760,13,37564,45,3864121,43487,1293,0,0.006635,19
2760,14,37988,45,3861571,43251,1293,0,0.003758,19
2760,15,37256,45,3852673,39487,1293,0,0.002826,19
2760,16,37332,49,4015732,47206,1293,0,0.004472,19
2760,17,37568,46,3867791,44456,1293,0,0.007728,19
2760,18,37760,46,3866169,44442,1293,0,0.003127,19
2760,19,37548,46,3862510,43216,1293,0,0.003319,19
2760,20,35684,46,4003692,42054,1295,0,0.008640,19
2820,1,37560,43,3952954,43750,1295,0,0.005001,19
2820,2,37360,43,3961845,48415,1295,0,0.007991,19
2820,3,37332,43,3961708,48126,1299,0,0.015009,19
2820,4,37116,43,3950981,42697,1299,0,0.018309,19
2820,5,37644,61,3955296,44760,1295,0,0.006979,19
2820,6,37268,43,3946352,41903,1298,0,0.005536,19
2820,7,37412,43,3943491,41494,1299,0,0.006483,19
2820,8,36060,55,4086451,41767,1295,0,0.007940,19
2820,9,37868,44,3947701,41737,1295,0,0.005084,19
2820,10,37760,44,3955046,45167,1295,0,0.008717,19
2820,11,34556,53,4106168,46234,1295,0,0.006007,19
2820,12,37560,45,3958017,46459,1295,0,0.008545,19
2820,13,37572,45,3952165,44377,1295,0,0.006635,19
2820,14,38004,45,3948213,43550,1295,0,0.003758,19
2820,15,37264,45,3941196,40702,1295,0,0.002826,19
2820,16,37332,49,4102982,47228,1295,0,0.004472,19
2820,17,37576,46,3954611,44967,1295,0,0.007728,19
2820,18,37788,46,3956480,46650,1295,0,0.003127,19
2820,19,37552,46,3950362,43901,1295,0,0.003319,19
2820,20,35696,46,4091505,42847,1295,0,0.008640,19
2880,1,37560,43,4041711,43342,1309,0,0.005001,19
2880,2,37368,43,4052265,49210,1310,0,0.007991,19
2880,3,37332,43,4053011,48921,1309,0,0.015009,19
2880,4,37116,43,4040142,42196,1309,0,0.018309,19
2880,5,37648,61,4043936,45156,1314,0,0.006979,19
2880,6,37284,43,4037883,42855,1309,0,0.005536,19
2880,7,37416,43,4036370,43031,1309,0,0.006483,19
2880,8,36076,55,4178432,43628,1309,0,0.007940,19
2880,9,37876,44,4037259,41955,1309,0,0.005084,19
2880,10,37760,44,4045556,46065,1309,0,0.008717,19
2880,11,34940,53,4197923,47946,1309,0,0.006007,19
2880,12,37560,45,4048405,46963,1309,0,0.008545,19
2880,13,37580,45,4043194,45538,1309,0,0.006635,19
2880,14,38004,45,4038820,44106,1309,0,0.003758,19
2880,15,37276,45,4032632,42098,1309,0,0.002826,19
2880,16,37392,49,4191687,46998,1309,0,0.004472,19
2880,17,37592,46,4043782,44658,1309,0,0.007728,19
2880,18,37788,46,4046169,47127,1309,0,0.003127,19
2880,19,37564,46,4040594,44196,1309,0,0.003319,19
2880,20,35700,46,4186324,46276,1314,0,0.008640,19
2940,1,37572,43,4132641,45435,1321,0,0.005001,19
2940,2,37396,43,4140964,49538,1321,0,0.007991,19
2940,3,37332,43,4142418,49239,1321,0,0.015009,19
2940,4,37116,43,4127878,42134,1321,0,0.018309,19
2940,5,37672,61,4133311,45453,1321,0,0.006979,19
2940,6,37288,43,4127844,44219,1326,0,0.005536,19
2940,7,37416,43,4124750,43459,1321,0,0.006483,19
2940,8,36104,55,4267229,44583,1321,0,0.007940,19
2940,9,37900,44,4124671,41785,1324,0,0.005084,19
2940,10,37764,44,4136716,48002,1326,0,0.008717,19
2940,11,35048,53,4290376,50354,1326,0,0.006007,19
2940,12,37560,45,4138777,48278,1326,0,0.008545,19
2940,13,37588,45,4131592,46099,1326,0,0.006635,19
2940,14,38008,45,4127836,44741,1321,0,0.003758,19
2940,15,37276,45,4122518,42924,1321,0,0.002826,19
2940,16,37392,49,4277540,45305,1321,0,0.004472,19
2940,17,37596,46,4135717,46544,1321,0,0.007728,19
2940,18,37788,46,4135647,46968,1321,0,0.003127,19
2940,19,37568,46,4130679,45044,1321,0,0.003319,19
2940,20,35712,46,4276143,47142,1321,0,0.008640,19
3000,1,37588,43,4225384,46256,1323,0,0.005001,19
3000,2,37396,43,4234528,50583,1323,0,0.007991,19
3000,3,37336,43,4233336,48650,1323,0,0.015009,19
3000,4,37120,43,4219626,42826,1323,0,0.018309,19
3000,5,37716,62,4223923,45208,1323,0,0.006979,19
3000,6,37288,44,4219590,44774,1323,0,0.005536,19
3000,7,37416,44,4216829,44335,1323,0,0.006483,19
3000,8,36124,56,4359345,45243,1328,0,0.007940,18
3000,9,37912,45,4218360,43332,1323,0,0.005084,19
3000,10,37764,45,4228632,48189,1323,0,0.008717,19
3000,11,35080,54,4384568,52113,1323,0,0.006007,19
3000,12,31976,42,4380092,49799,108,0,0.002349,18
3000,13,37588,46,4226186,47455,1323,0,0.006635,19
3000,14,38008,46,4218368,44277,1323,0,0.004131,19
3000,15,37292,46,4215674,44898,1323,0,0.002826,19
3000,16,37412,50,4368110,45106,1323,0,0.004763,19
3000,17,37600,47,4228114,47931,1323,0,0.007728,19
3000,18,37788,47,4224265,45931,1323,0,0.003127,19
3000,19,37588,47,4220940,45287,1323,0,0.003319,19
3000,20,35752,47,4370853,49236,1323,0,0.008640,19
3060,1,37588,43,4316691,47228,1331,0,0.005001,19
3060,2,37396,43,4323558,49363,1331,0,0.007991,19
3060,3,37368,43,4324098,49186,1331,0,0.015009,19
3060,4,37128,43,4313162,44890,1331,0,0.018309,19
3060,5,37748,60,4312902,44440,1331,0,0.006979,19
3060,6,37292,43,4309074,44787,1331,0,0.005536,19
3060,7,37416,43,4309010,45203,1331,0,0.006483,19
3060,8,36168,55,4450871,45849,1331,0,0.007940,19
3060,9,37920,44,4309170,43944,1331,0,0.005084,19
3060,10,37764,44,4318777,48145,1331,0,0.008717,19
3060,11,35120,53,4476767,53191,1331,0,0.006007,19
3060,12,32476,52,4471723,50870,1331,0,0.002869,19
3060,13,37588,46,4321377,50650,1331,0,0.006635,19
3060,14,38008,46,4308452,44604,1331,0,0.004131,19
3060,15,37292,46,4306471,45481,1331,0,0.002826,19
3060,16,37428,50,4457743,44829,1331,0,0.004763,19
3060,17,37616,47,4318837,48038,1331,0,0.007728,19
3060,18,37800,47,4316393,47192,1331,0,0.003127,19
3060,19,37616,47,4313633,47074,1331,0,0.003319,19
3060,20,35756,47,4465799,51676,1332,0,0.008640,19
3120,1,37588,43,4408581,49387,1339,0,0.005001,19
3120,2,37400,43,4413272,50016,1339,0,0.007991,19
3120,3,37376,43,4414959,50267,1334,0,0.015009,19
3120,4,37156,43,4404818,46668,1334,0,0.018309,19
3120,5,37752,60,4402678,45388,1339,0,0.006979,19
3120,6,37292,43,4398187,45632,1339,0,0.005536,19
3120,7,37416,43,4399986,46803,1339,0,0.006483,19
3120,8,36172,55,4538942,45815,1339,0,0.007940,19
3120,9,37928,44,4400537,46348,1339,0,0.005084,19
3120,10,37764,44,4408564,49308,1339,0,0.008717,19
3120,11,35128,53,4566663,53349,1339,0,0.006007,19
3120,12,32720,52,4559106,50247,1339,0,0.004727,19
3120,13,37588,46,4408916,50506,1339,0,0.006635,19
3120,14,38016,46,4398461,46077,1339,0,0.004131,19
3120,15,37292,46,4396401,46477,1339,0,0.002826,19
3120,16,37432,50,4545584,44732,1339,0,0.004763,19
3120,17,37620,47,4407136,48547,1339,0,0.007728,19
3120,18,37804,47,4403761,46381,1339,0,0.003127,19
3120,19,37624,47,4401615,46977,1339,0,0.003319,19
3120,20,35760,47,4553484,51975,1339,0,0.008640,19
3181,1,37588,43,4502591,51719,1324,0,0.005001,19
3181,2,37412,43,4506885,51588,1322,0,0.007991,19
3181,3,37376,43,4506267,51473,1324,0,0.015009,19
3181,4,37156,43,4494398,47258,1324,0,0.018309,19
3181,5,37756,60,4497285,47146,1322,0,0.006979,19
3181,6,37292,43,4491312,46991,1324,0,0.005536,19
3181,7,37416,43,4491853,47955,1324,0,0.006483,19
3181,8,36172,55,4631445,46630,1324,0,0.007940,19
3181,9,37932,44,4489889,45872,1324,0,0.005084,19
3181,10,37764,44,4499853,49891,1324,0,0.008717,19
3181,11,35144,53,4655720,53122,1324,0,0.006007,19
3181,12,32820,52,4650401,50833,1324,0,0.004727,19
3181,13,37588,46,4499884,50721,1324,0,0.006635,19
3181,14,38036,46,4489523,46336,1324,0,0.004131,19
3181,15,37292,46,4489780,48073,1324,0,0.002826,19
3181,16,37448,50,4638914,46569,1324,0,0.004763,19
3181,17,37628,47,4497317,48605,1324,0,0.007728,19
3181,18,37804,47,4494100,46625,1324,0,0.003127,19
3181,19,37628,47,4493181,47609,1324,0,0.003319,19
3181,20,35784,47,4645133,51111,1322,0,0.008640,19
3240,1,37588,43,4593308,51730,1320,0,0.005001,19
3240,2,37412,43,4600625,53574,1320,0,0.007991,19
3240,3,37376,43,4597374,51713,1320,0,0.015009,19
3240,4,37176,43,4586265,48441,1320,0,0.018309,19
3240,5,37768,59,4589256,48616,1320,0,0.006979,19
3240,6,37292,43,4584090,47710,1320,0,0.005536,19
3240,7,37416,43,4583598,48878,1320,0,0.006483,19
3240,8,36176,54,4723497,47736,1320,0,0.007940,19
3240,9,37932,44,4580469,46302,1320,0,0.005084,19
3240,10,37764,44,4592035,49997,1320,0,0.008717,19
3240,11,35176,53,4746543,52154,1320,0,0.006007,19
3240,12,33436,52,4741519,51017,1320,0,0.004727,19
3240,13,37588,46,4594243,52378,1320,0,0.006635,19
3240,14,38052,46,4580131,46550,1320,0,0.004131,19
3240,15,37292,46,4583679,49728,1320,0,0.002826,19
3240,16,37448,50,4730148,47526,1320,0,0.004763,19
3240,17,37628,47,4589492,48844,1320,0,0.007728,19
3240,18,37804,47,4588247,48124,1320,0,0.003127,19
3240,19,37644,47,4585064,47955,1320,0,0.003319,19
3240,20,35792,47,4735049,51428,1320,0,0.008640,19
3300,1,37608,43,4684432,52542,1302,0,0.005544,19
3300,2,37412,43,4690489,53583,1302,0,0.007991,19
3300,3,37384,42,4687796,52249,1302,0,0.015009,19
3300,4,37188,43,4677600,49729,1302,0,0.018309,19
3300,5,37768,54,4681176,50298,1302,0,0.006979,19
3300,6,37304,43,4674643,49183,1302,0,0.005536,19
3300,7,37416,42,4675933,50760,1302,0,0.006483,19
3300,8,36208,54,4816850,49488,1302,0,0.010929,19
3300,9,37940,44,4671411,47072,1302,0,0.005084,19
3300,10,37764,44,4681331,50530,1302,0,0.008717,19
3300,11,35248,53,4836144,52386,1302,0,0.006007,19
3300,12,33492,52,4832613,51338,1302,0,0.004727,19
3300,13,37592,46,4682981,51960,1302,0,0.006635,19
3300,14,38060,46,4671184,47739,1302,0,0.004131,19
3300,15,37292,45,4671899,49552,1302,0,0.002826,19
3300,16,37452,50,4822287,49262,1302,0,0.004763,19
3300,17,37640,46,4675886,47704,1302,0,0.007728,19
3300,18,37812,46,4679216,49808,1302,0,0.003127,19
3300,19,37644,47,4676094,49746,1302,0,0.003842,19
3300,20,35800,46,4824434,50776,1302,0,0.008640,19
3360,1,37608,42,4775701,53206,1298,0,0.005544,19
3360,2,37412,42,4784113,55279,1294,0,0.007991,19
3360,3,37384,42,4780851,53639,1294,0,0.015009,19
3360,4,37188,42,4767375,48934,1294,0,0.018309,19
3360,5,37780,44,4773795,51799,1294,0,0.006979,19
3360,6,37312,42,4766831,50507,1294,0,0.005536,19
3360,7,37416,42,4766848,50718,1294,0,0.006483,19
3360,8,36220,54,4907034,49447,1294,0,0.010929,19
3360,9,37952,43,4764584,48589,1298,0,0.005084,19
3360,10,37764,43,4772659,51142,1294,0,0.008717,19
3360,11,36028,53,4926947,52472,1294,0,0.007329,19
3360,12,34196,52,4922221,51244,1294,0,0.004727,19
3360,13,37592,45,4774700,51907,1294,0,0.006635,19
3360,14,38072,45,4765186,49654,1298,0,0.004131,19
3360,15,37292,45,4763607,50265,1298,0,0.002828,19
3360,16,37496,50,4915614,51049,1298,0,0.004763,19
3360,17,37640,46,4767256,48104,1298,0,0.007728,19
3360,18,37836,46,4771956,50678,1298,0,0.003986,19
3360,19,37644,46,4766626,49701,1298,0,0.003842,19
3360,20,37376,46,4918575,52262,1294,0,0.008640,19
3420,1,37608,42,4864401,52564,1282,0,0.005544,19
3420,2,37412,42,4869749,53479,1282,0,0.007991,19
3420,3,37404,42,4870516,54451,1284,0,0.015009,19
3420,4,37192,42,4859078,50530,1282,0,0.018309,19
3420,5,37780,44,4864861,53157,1283,0,0.006979,19
3420,6,37312,42,4854604,50133,1282,0,0.005536,19
3420,7,37416,42,4859642,52984,1282,0,0.006483,19
3420,8,36252,54,4996871,50781,1287,0,0.010929,19
3420,9,37952,43,4853337,48472,1282,0,0.005084,19
3420,10,37764,43,4861887,51537,1282,0,0.008717,19
3420,11,36044,53,5016714,53110,1282,0,0.007329,19
3420,12,34340,52,5012090,52169,1286,0,0.004727,19
3420,13,37592,45,4865037,53150,1282,0,0.006635,19
3420,14,38080,45,4857690,51563,1282,0,0.004131,19
3420,15,37300,45,4852820,50405,1282,0,0.003005,19
3420,16,37520,50,5007687,53072,1282,0,0.004763,19
3420,17,37648,46,4856961,48979,1282,0,0.007728,19
3420,18,37848,46,4862076,51739,1282,0,0.003986,19
3420,19,37664,46,4855316,49898,1282,0,0.003842,19
3420,20,37380,46,5008302,53186,1283,0,0.008640,19
3480,1,37624,42,4953045,52852,1299,0,0.005544,19
3480,2,37436,42,4958664,54032,1299,0,0.007991,19
3480,3,37416,42,4960568,54908,1294,0,0.015009,19
3480,4,37232,42,4949810,51897,1294,0,0.018309,19
3480,5,37780,44,4952938,52435,1294,0,0.006979,19
3480,6,37320,42,4941451,48926,1294,0,0.005536,19
3480,7,37416,42,4947959,52546,1294,0,0.006483,19
3480,8,36256,54,5089606,52326,1294,0,0.010929,19
3480,9,37952,43,4944017,50048,1299,0,0.005084,19
3480,10,37764,43,4953795,53344,1299,0,0.008717,19
3480,11,36052,53,5107270,54395,1297,0,0.007329,19
3480,12,34696,52,5103193,53425,1294,0,0.004727,19
3480,13,37600,45,4954389,53764,1299,0,0.006635,19
3480,14,38080,45,4945903,51498,1299,0,0.004131,19
3480,15,37304,45,4943382,51112,1299,0,0.003005,19
3480,16,37524,50,5098719,54172,1299,0,0.004763,19
3480,17,37648,46,4947011,50168,1299,0,0.007728,19
3480,18,37856,46,4952340,52983,1299,0,0.003986,19
3480,19,37696,46,4947105,51578,1299,0,0.003842,19
3480,20,37384,46,5097530,53537,1294,0,0.008640,19
3540,1,37628,42,5045329,54603,1281,0,0.005544,19
3540,2,37448,42,5049210,54740,1281,0,0.007991,19
3540,3,37532,42,5048853,55989,1286,0,0.015009,19
3540,4,37232,42,5037703,52739,1286,0,0.018309,19
3540,5,37780,43,5040374,52392,1281,0,0.006979,19
3540,6,37320,42,5031399,50131,1281,0,0.005536,19
3540,7,37436,42,5037393,53573,1281,0,0.006483,19
3540,8,36256,54,5177561,53223,1286,0,0.010929,19
3540,9,37972,43,5032717,50792,1281,0,0.005084,19
3540,10,37764,43,5041410,53381,1281,0,0.009059,19
3540,11,36140,53,5196464,55369,1281,0,0.007329,19
3540,12,34788,52,5192872,54694,1284,0,0.005698,19
3540,13,37620,45,5042826,54082,1281,0,0.006635,19
3540,14,38124,45,5034868,52472,1281,0,0.004131,19
3540,15,37312,45,5030915,50704,1281,0,0.003005,19
3540,16,37540,49,5188055,55281,1281,0,0.005044,19
3540,17,37664,46,5036726,51304,1281,0,0.007728,19
3540,18,37868,46,5038894,52126,1281,0,0.003986,19
3540,19,37712,46,5035641,52371,1281,0,0.003842,19
3540,20,37412,46,5186670,54432,1281,0,0.008640,19
3690,1,37628,42,5220475,54466,915,0,0.005544,19
3690,2,37500,42,5223679,54196,915,0,0.007991,19
3690,3,37532,42,5220440,52686,915,0,0.015009,19
3690,4,37232,42,5210688,50709,915,0,0.018309,19
3690,5,37780,42,5209939,48750,915,0,0.006979,19
3690,6,37324,42,5205371,49003,915,0,0.005536,19
3690,7,37452,42,5207731,49977,915,0,0.006488,19
3690,8,36256,54,5349770,50153,915,0,0.010929,19
3690,9,37984,43,5206231,49046,912,0,0.005084,19
3690,10,37764,43,5216459,52739,912,0,0.009059,19
3690,11,36188,52,5368606,53096,912,0,0.007329,19
3690,12,34884,52,5365868,53438,915,0,0.005698,19
3690,13,37620,45,5212224,49918,912,0,0.006635,19
3690,14,38128,45,5206244,49357,912,0,0.004131,19
3690,15,37312,45,5204041,49046,912,0,0.003005,19
3690,16,37564,49,5358659,51790,912,0,0.005044,19
3690,17,37672,46,5214096,52452,912,0,0.007728,19
3690,18,37880,46,5212405,50443,912,0,0.003986,19
3690,19,37724,46,5208546,50583,912,0,0.003842,19
3690,20,37412,46,5356566,50386,915,0,0.008640,19
