file,line,lexical_region_not_ast,declaration_or_duration
common/src/atp.rs,4,before-first-cfg-test,pub const GLOBAL_MAX_ATP: u64 = 100_000_000;
common/src/audit_log.rs,28,before-first-cfg-test,"pub const MAGIC: [u8; 4] = *b""SAL2"";"
common/src/audit_log.rs,29,before-first-cfg-test,pub const HEADER_LEN: usize = 4 + 4 + 8 + 8;
common/src/audit_log.rs,30,before-first-cfg-test,pub const CHAIN_LEN: usize = 32;
common/src/audit_log.rs,31,before-first-cfg-test,pub const MAX_PAYLOAD: usize = 64 * 1024;
common/src/audit_log.rs,32,before-first-cfg-test,"pub const SEGMENT_MAGIC: [u8; 4] = *b""SALS"";"
common/src/audit_log.rs,33,before-first-cfg-test,pub const SEGMENT_HEADER_LEN: usize = 4 + 8 + CHAIN_LEN;
common/src/audit_log.rs,246,before-first-cfg-test,"fn chunk<const N: usize>(b: &[u8], at: usize) -> Option<[u8; N]> {"
common/src/audit_log.rs,724,after-first-cfg-test,const SMALL: Rotation = Rotation {
common/src/canonical.rs,1,before-first-cfg-test,pub const MAX_KEYS: usize = 32;
common/src/lib.rs,25,before-first-cfg-test,pub const MAX_PAYLOAD: usize = 256;
common/src/lib.rs,26,before-first-cfg-test,pub const HASH_SIZE: usize = 32;
common/src/lib.rs,47,before-first-cfg-test,pub const DROP_REASON_SLOTS: usize = 16;
common/src/lib.rs,49,before-first-cfg-test,pub const BLOCKLIST_CAPACITY: u32 = 65_536;
common/src/lib.rs,51,before-first-cfg-test,pub const BLOCK_HIT_SLOTS: u32 = 2 * BLOCKLIST_CAPACITY;
common/src/lib.rs,53,before-first-cfg-test,pub const MAX_EVENTS_PER_CPU_PER_SEC: u64 = 64;
common/src/lib.rs,56,before-first-cfg-test,pub const ZERO: Self = Self {
common/src/lib.rs,95,before-first-cfg-test,pub const DROP_EVENT_SIZE: usize = 300;
common/src/lib.rs,96,before-first-cfg-test,pub const PACKET_STATS_SIZE: usize = 208;
common/src/lib.rs,138,before-first-cfg-test,pub const STATIC_BLOCK: u16 = 1;
common/src/lib.rs,139,before-first-cfg-test,pub const FAST_PATH_HIT: u16 = 2;
common/src/lib.rs,140,before-first-cfg-test,pub const SLOW_PATH_LPM_HIT: u16 = 3;
common/src/lib.rs,141,before-first-cfg-test,pub const VFR_ANOMALY: u16 = 4;
common/src/lib.rs,142,before-first-cfg-test,pub const MALFORMED_HEADER: u16 = 5;
common/src/lib.rs,143,before-first-cfg-test,pub const TRAP_INTERCEPTED: u16 = 6;
common/src/lib.rs,144,before-first-cfg-test,pub const SOCK_REDIRECTED: u16 = 7;
common/src/lib.rs,145,before-first-cfg-test,pub const MANUAL_BLOCK: u16 = 8;
common/src/lib.rs,146,before-first-cfg-test,pub const FRAGMENT_BLOCKED: u16 = 9;
common/src/lib.rs,147,before-first-cfg-test,pub const INVALID_TCP_FLAGS: u16 = 10;
common/src/lib.rs,170,before-first-cfg-test,pub const DROP_IPV4_FRAGMENTS: u32 = 1 << 0;
common/src/lib.rs,173,before-first-cfg-test,pub const STRICT_PARSE: u32 = 1 << 1;
common/src/lib.rs,177,before-first-cfg-test,pub const FIN: u8 = 0x01;
common/src/lib.rs,178,before-first-cfg-test,pub const SYN: u8 = 0x02;
common/src/lib.rs,179,before-first-cfg-test,pub const RST: u8 = 0x04;
common/src/lib.rs,180,before-first-cfg-test,pub const PSH: u8 = 0x08;
common/src/lib.rs,181,before-first-cfg-test,pub const ACK: u8 = 0x10;
common/src/lib.rs,182,before-first-cfg-test,pub const URG: u8 = 0x20;
ai/src/inference.rs,30,before-first-cfg-test,"pub struct LinearLayer<const IN: usize, const OUT: usize> {"
ai/src/inference.rs,35,before-first-cfg-test,"impl<const IN: usize, const OUT: usize> LinearLayer<IN, OUT> {"
ai/src/inference.rs,73,before-first-cfg-test,pub struct EwmaAnomalyDetector<const N: usize> {
ai/src/inference.rs,80,before-first-cfg-test,impl<const N: usize> EwmaAnomalyDetector<N> {
ai/src/inference.rs,166,before-first-cfg-test,pub fn relu<const N: usize>(
ai/src/inference.rs,179,before-first-cfg-test,pub fn sigmoid<const N: usize>(
ai/src/inference.rs,192,before-first-cfg-test,pub fn softmax<const N: usize>(
ai/src/inference.rs,223,before-first-cfg-test,pub fn mse_loss<const N: usize>(
ai/src/tensor.rs,25,before-first-cfg-test,"pub struct Tensor<T, const R: usize> {"
ai/src/tensor.rs,31,before-first-cfg-test,pub const fn compute_strides_and_capacity<const R: usize>(
ai/src/tensor.rs,51,before-first-cfg-test,"impl<T: Default + Clone, const R: usize> Tensor<T, R> {"
ai/src/tensor.rs,64,before-first-cfg-test,"impl<T: Clone, const R: usize> Tensor<T, R> {"
ai/src/tensor.rs,103,before-first-cfg-test,"impl<T, const R: usize> Tensor<T, R> {"
ai/src/tensor.rs,165,before-first-cfg-test,"impl<T, const R: usize> Index<[usize; R]> for Tensor<T, R> {"
ai/src/tensor.rs,180,before-first-cfg-test,"impl<T, const R: usize> IndexMut<[usize; R]> for Tensor<T, R> {"
orchestrator/src/attack_reports.rs,130,after-first-cfg-test,let mut reports = AttackReports::new(Duration::from_secs(600));
orchestrator/src/attack_reports.rs,141,after-first-cfg-test,"reports.active(t0 + Duration::from_secs(601)),"
orchestrator/src/bin/monitor.rs,28,before-first-cfg-test,"const DB_FILE: &str = ""/var/lib/sokol/audit.log"";"
orchestrator/src/bin/monitor.rs,399,before-first-cfg-test,thread::sleep(Duration::from_secs(2));
orchestrator/src/bin/sokol-client.rs,281,before-first-cfg-test,tokio::time::sleep(Duration::from_millis(1000)).await;
orchestrator/src/bin/sokol-client.rs,337,before-first-cfg-test,"const CLIENT_HTML: &str = r###"""
orchestrator/src/bin/sokol-crowdsec.rs,50,before-first-cfg-test,"#[arg(long, default_value = ""http://127.0.0.1:8080"")]"
orchestrator/src/bin/sokol-crowdsec.rs,66,before-first-cfg-test,"#[arg(long, default_value = ""5"")]"
orchestrator/src/bin/sokol-crowdsec.rs,70,before-first-cfg-test,"#[arg(long, default_value = ""200"")]"
orchestrator/src/bin/sokol-crowdsec.rs,162,before-first-cfg-test,.timeout(Duration::from_secs(10))
orchestrator/src/bin/sokol-crowdsec.rs,170,before-first-cfg-test,const OUTBOX_CAP: usize = 100_000;
orchestrator/src/bin/sokol-crowdsec.rs,262,after-first-cfg-test,"const STARTUP: &str = r#""{""deleted"":null,""new"":[{""duration"":""3h59m59.382698294s"",""id"":1,""origin"":""cscli"",""scenario"":""test ban"",""scope"":""Ip"",""type"":""ban"",""value"":""203.0.113.9""}]}""#;"
orchestrator/src/bin/sokol-fastnetmon-notify.rs,73,before-first-cfg-test,s.set_write_timeout(Some(Duration::from_secs(2)))?;
orchestrator/src/bin/sokol-operator.rs,103,before-first-cfg-test,"const SESSION_COOKIE: &str = ""sokol_operator"";"
orchestrator/src/bin/sokol-operator.rs,104,before-first-cfg-test,const TELEMETRY_MAX_CONNS: usize = 32;
orchestrator/src/bin/sokol-operator.rs,106,before-first-cfg-test,const NODE_STALE_AFTER: Duration = Duration::from_secs(15);
orchestrator/src/bin/sokol-operator.rs,108,before-first-cfg-test,const NODE_FORGET_AFTER: Duration = Duration::from_secs(3600);
orchestrator/src/bin/sokol-operator.rs,110,before-first-cfg-test,const BANS_REFRESH: Duration = Duration::from_secs(5);
orchestrator/src/bin/sokol-operator.rs,111,before-first-cfg-test,const TELEMETRY_MAX_LINE: u64 = 8192;
orchestrator/src/bin/sokol-operator.rs,112,before-first-cfg-test,const TELEMETRY_IDLE: Duration = Duration::from_secs(10);
orchestrator/src/bin/sokol-operator.rs,162,before-first-cfg-test,"const MESH_COMMANDS: [&str; 3] = [""SYNC_DAG"", ""RELOAD_RULES"", ""FLUSH_ALL_BANS""];"
orchestrator/src/bin/sokol-operator.rs,704,before-first-cfg-test,"let reply = tokio::time::timeout(Duration::from_secs(3), exchange)"
orchestrator/src/bin/sokol-operator.rs,733,before-first-cfg-test,tokio::time::sleep(Duration::from_secs(1)).await;
orchestrator/src/bin/sokol-operator.rs,783,before-first-cfg-test,"const HTML_DASHBOARD: &str = r###"""
orchestrator/src/bin/sokol-operator.rs,1072,after-first-cfg-test,"const TOKEN: &str = ""test-token-0123456789"";"
orchestrator/src/bin/sokol-operator.rs,1375,after-first-cfg-test,std::time::Instant::now().checked_sub(NODE_STALE_AFTER + Duration::from_secs(1));
orchestrator/src/bin/sokol-operator.rs,1391,after-first-cfg-test,tokio::time::sleep(Duration::from_millis(50)).await;
orchestrator/src/bin/sokol-suricata.rs,54,before-first-cfg-test,"#[arg(long, default_value = ""2"")]"
orchestrator/src/bin/sokol-suricata.rs,62,before-first-cfg-test,"#[arg(long, default_value = ""60"")]"
orchestrator/src/bin/sokol-suricata.rs,66,before-first-cfg-test,"#[arg(long, default_value = ""50"")]"
orchestrator/src/bin/sokol-suricata.rs,81,before-first-cfg-test,"#[arg(long, default_value = ""600"")]"
orchestrator/src/bin/sokol-suricata.rs,189,before-first-cfg-test,if now.duration_since(start) >= Duration::from_secs(1) {
orchestrator/src/bin/sokol-suricata.rs,347,before-first-cfg-test,const OUTBOX_CAP: usize = 10_000;
orchestrator/src/bin/sokol-suricata.rs,456,before-first-cfg-test,if last_save.elapsed() >= Duration::from_secs(1) {
orchestrator/src/bin/sokol-suricata.rs,474,before-first-cfg-test,std::thread::sleep(Duration::from_millis(50));
orchestrator/src/bin/sokol-suricata.rs,484,after-first-cfg-test,"const ALERT: &str = r#""{""timestamp"":""2026-09-24T11:48:23.712804+0000"",""flow_id"":2217047500658694,""in_iface"":""v0"",""event_type"":""alert"",""src_ip"":""10.7.0.2"",""src_port"":49786,""dest_ip"":""10.7.0.1"",""dest_port"":23,""proto"":""TCP"",""pkt_src"":""wire/pcap"",""alert"":{""action"":""allowed"",""gid"":1,""signature_id"":1000001,""rev"":1,""signature"":""SOKOL TEST telnet probe"",""category"":""Attempted Information Leak"",""severity"":2},""direction"":""to_server""}""#;"
orchestrator/src/bin/sokol-suricata.rs,546,after-first-cfg-test,"let mut gate = Gate::new(Duration::from_secs(60), 3);"
orchestrator/src/bin/sokol-suricata.rs,549,after-first-cfg-test,"assert!(!gate.admit(a, t0 + Duration::from_secs(10)), ""cooldown"");"
orchestrator/src/bin/sokol-suricata.rs,550,after-first-cfg-test,"assert!(gate.admit(a, t0 + Duration::from_secs(61)), ""cooldown over"");"
orchestrator/src/bin/sokol-suricata.rs,552,after-first-cfg-test,"let mut gate = Gate::new(Duration::from_secs(60), 3);"
orchestrator/src/bin/sokol-suricata.rs,559,after-first-cfg-test,t0 + Duration::from_secs(1)
orchestrator/src/bin/trident_trap.rs,33,before-first-cfg-test,"const DEFAULT_TRAP_PORTS: [u16; 6] = [22, 80, 443, 3306, 6379, 8443];"
orchestrator/src/bin/trident_trap.rs,35,before-first-cfg-test,const ADMIN_SSH_PORT: u16 = 2222;
orchestrator/src/bin/trident_trap.rs,36,before-first-cfg-test,const MAX_CONCURRENT_CONNECTIONS: usize = 256;
orchestrator/src/bin/trident_trap.rs,210,before-first-cfg-test,"let read_result = timeout(Duration::from_secs(5), stream.read(&mut buf)).await;"
orchestrator/src/bin/trident_trap.rs,378,before-first-cfg-test,sleep(Duration::from_millis(150)).await;
orchestrator/src/bin/trident_trap.rs,406,before-first-cfg-test,sleep(Duration::from_millis(500)).await;
orchestrator/src/bin/trident_trap.rs,423,before-first-cfg-test,"let read_res = timeout(Duration::from_secs(8), stream.read(&mut buf)).await;"
orchestrator/src/bin/trident_trap.rs,524,before-first-cfg-test,"let read_res = timeout(Duration::from_secs(8), stream.read(&mut buf)).await;"
orchestrator/src/bin/trident_trap.rs,601,before-first-cfg-test,let mut retry_delay = Duration::from_millis(50);
orchestrator/src/block_policy.rs,8,before-first-cfg-test,"pub const LOCAL_ADDRESS: &str = ""address of this node"";"
orchestrator/src/block_policy.rs,12,before-first-cfg-test,"pub const WIREGUARD_ENDPOINT: &str = ""WireGuard peer endpoint"";"
orchestrator/src/block_policy.rs,14,before-first-cfg-test,"pub const PREFIX_TOO_WIDE: &str = ""prefix wider than --min-block-prefix-v4/-v6 allows"";"
orchestrator/src/block_table.rs,27,before-first-cfg-test,pub const STRIKE_MEMORY: Duration = Duration::from_secs(24 * 3600);
orchestrator/src/block_table.rs,31,before-first-cfg-test,pub const EVENT_MEMORY: Duration = STRIKE_MEMORY;
orchestrator/src/block_table.rs,35,before-first-cfg-test,pub const MAX_STRIKES: usize = common::BLOCKLIST_CAPACITY as usize;
orchestrator/src/block_table.rs,37,before-first-cfg-test,pub const MAX_EVENTS: usize = common::BLOCKLIST_CAPACITY as usize;
orchestrator/src/block_table.rs,139,before-first-cfg-test,pub const MAX_REASON_BYTES: usize = 512;
orchestrator/src/block_table.rs,167,before-first-cfg-test,pub const MAX_OUTCOMES: usize = 4096;
orchestrator/src/block_table.rs,170,before-first-cfg-test,pub const MAX_RETRIES_PER_TICK: usize = 256;
orchestrator/src/block_table.rs,175,before-first-cfg-test,pub const FORGET_GRACE: Duration = Duration::from_secs(600);
orchestrator/src/block_table.rs,178,before-first-cfg-test,const MAX_RETRACTORS: usize = 4;
orchestrator/src/block_table.rs,221,before-first-cfg-test,pub const OFF: Quorum = Quorum {
orchestrator/src/block_table.rs,237,before-first-cfg-test,pub const MAX_KNOWN_CLAIMS: usize = 4 * common::BLOCKLIST_CAPACITY as usize;
orchestrator/src/block_table.rs,311,before-first-cfg-test,pub const STATE_SCHEMA: u32 = 1;
orchestrator/src/block_table.rs,1633,before-first-cfg-test,pub const WATERMARK: f64 = 0.8;
orchestrator/src/block_table.rs,1784,after-first-cfg-test,const POLICY: TtlPolicy = TtlPolicy {
orchestrator/src/block_table.rs,1785,after-first-cfg-test,"base: Duration::from_secs(60),"
orchestrator/src/block_table.rs,1786,after-first-cfg-test,"max: Duration::from_secs(600),"
orchestrator/src/block_table.rs,1788,after-first-cfg-test,const T0: u64 = 1_000_000_000;
orchestrator/src/block_table.rs,1789,after-first-cfg-test,const S: u64 = 1000;
orchestrator/src/block_table.rs,2033,after-first-cfg-test,"assert_eq!(ttl(&mut t, T0), Some(Duration::from_secs(60)));"
orchestrator/src/block_table.rs,2034,after-first-cfg-test,"assert_eq!(ttl(&mut t, T0), Some(Duration::from_secs(120)));"
orchestrator/src/block_table.rs,2035,after-first-cfg-test,"assert_eq!(ttl(&mut t, T0), Some(Duration::from_secs(240)));"
orchestrator/src/block_table.rs,2036,after-first-cfg-test,"assert_eq!(ttl(&mut t, T0), Some(Duration::from_secs(480)));"
orchestrator/src/block_table.rs,2040,after-first-cfg-test,"assert_eq!(ttl(&mut t, T0), Some(Duration::from_secs(480)));"
orchestrator/src/block_table.rs,2044,after-first-cfg-test,"Some(Duration::from_secs(600)),"
orchestrator/src/block_table.rs,2050,after-first-cfg-test,"Some(Duration::from_secs(60)),"
orchestrator/src/block_table.rs,2079,after-first-cfg-test,"assert_eq!(ttl_of(&mut t, newest), Some(Duration::from_secs(120)));"
orchestrator/src/block_table.rs,2082,after-first-cfg-test,"assert_eq!(ttl_of(&mut t, oldest), Some(Duration::from_secs(60)));"
orchestrator/src/block_table.rs,2224,after-first-cfg-test,"base: Duration::from_secs(7 * 86_400),"
orchestrator/src/block_table.rs,2225,after-first-cfg-test,"max: Duration::from_secs(7 * 86_400),"
orchestrator/src/block_table.rs,2483,after-first-cfg-test,const QUORUM2: Quorum = Quorum {
orchestrator/src/block_table.rs,2551,after-first-cfg-test,"max_ttl: Duration::from_secs(30),"
orchestrator/src/block_table.rs,2750,after-first-cfg-test,"assert_eq!(added.ttl, Some(Duration::from_secs(60)));"
orchestrator/src/block_table.rs,3137,after-first-cfg-test,const TARGETS: &[&str] = &[
orchestrator/src/block_table.rs,3146,after-first-cfg-test,"const PEERS: &[u64] = &[2, 3, 4];"
orchestrator/src/block_table.rs,3223,after-first-cfg-test,"max_ttl: Duration::from_secs(300),"
orchestrator/src/clock_watch.rs,8,before-first-cfg-test,pub const STEP_THRESHOLD_MS: i64 = 5_000;
orchestrator/src/clock_watch.rs,47,after-first-cfg-test,"assert_eq!(w.observe(1_001_000, t + Duration::from_secs(1)), None);"
orchestrator/src/clock_watch.rs,49,after-first-cfg-test,"assert_eq!(w.observe(1_006_900, t + Duration::from_secs(2)), None);"
orchestrator/src/clock_watch.rs,52,after-first-cfg-test,"w.observe(1_006_900 + 3_601_000, t + Duration::from_secs(3)),"
orchestrator/src/clock_watch.rs,57,after-first-cfg-test,"w.observe(1_006_900 + 1_000 + 1_000, t + Duration::from_secs(4)),"
orchestrator/src/cluster_state.rs,251,after-first-cfg-test,let mut latch = StormLatch::new(Duration::from_secs(30));
orchestrator/src/cluster_state.rs,288,after-first-cfg-test,let mut latch = StormLatch::new(Duration::from_secs(10));
orchestrator/src/cluster_state.rs,327,after-first-cfg-test,"let bird_eye = BirdEyeView::new(0.4, Duration::from_secs(300));"
orchestrator/src/control.rs,28,before-first-cfg-test,pub const MAX_LINE: u64 = 1024;
orchestrator/src/defense.rs,19,before-first-cfg-test,pub const STORM_FLAGS: u32 =
orchestrator/src/delivery.rs,15,before-first-cfg-test,pub const ANSWER_TIMEOUT: Duration = Duration::from_secs(2);
orchestrator/src/delivery.rs,16,before-first-cfg-test,const BACKOFF_MIN: Duration = Duration::from_millis(500);
orchestrator/src/delivery.rs,17,before-first-cfg-test,const BACKOFF_MAX: Duration = Duration::from_secs(10);
orchestrator/src/flowspec.rs,21,before-first-cfg-test,pub const MAX_OPS_PER_TICK: usize = 64;
orchestrator/src/flowspec.rs,23,before-first-cfg-test,pub const CALL_TIMEOUT: Duration = Duration::from_secs(5);
orchestrator/src/flowspec.rs,25,before-first-cfg-test,pub const SHUTDOWN_BUDGET: Duration = Duration::from_secs(10);
orchestrator/src/flowspec.rs,178,before-first-cfg-test,let mut ticker = tokio::time::interval(Duration::from_secs(1));
orchestrator/src/flowspec.rs,208,before-first-cfg-test,tokio::time::sleep(Duration::from_millis(500)).await;
orchestrator/src/flowspec.rs,297,after-first-cfg-test,"const RIB: &str = r#""{""[source: 198.51.100.7/32]"":[{""Family"":0,""nlri"":{""value"":[{""type"":2,""value"":{""prefix"":""198.51.100.7/32""}}]},""age"":1790270463,""best"":true,""attrs"":[{""type"":1,""value"":2},{""type"":8,""communities"":[4259912202]},{""type"":16,""value"":[{""type"":128,""subtype"":6,""as"":0,""rate"":0}]}],""stale"":false,""RemoteID"":0,""LocalID"":0}],"
orchestrator/src/flowspec.rs,360,after-first-cfg-test,tokio::time::sleep(Duration::from_secs(2)).await;
orchestrator/src/kernel_events.rs,14,before-first-cfg-test,"fn field<const N: usize>(item: &[u8], offset: usize) -> Option<[u8; N]> {"
orchestrator/src/main.rs,209,before-first-cfg-test,const QUEUE_CAPACITY: usize = 10_000;
orchestrator/src/main.rs,210,before-first-cfg-test,const SYNC_INTERVAL: Duration = Duration::from_millis(100);
orchestrator/src/main.rs,211,before-first-cfg-test,const SYNC_BATCH: usize = 64;
orchestrator/src/main.rs,307,before-first-cfg-test,std::thread::sleep(Duration::from_millis(5));
orchestrator/src/main.rs,355,before-first-cfg-test,"#[arg(short, long, default_value = ""eth0"")]"
orchestrator/src/main.rs,379,before-first-cfg-test,"#[arg(long, default_value = ""16384"")]"
orchestrator/src/main.rs,388,before-first-cfg-test,"#[arg(long, default_value = ""2"")]"
orchestrator/src/main.rs,392,before-first-cfg-test,"#[arg(long, default_value = ""24"")]"
orchestrator/src/main.rs,396,before-first-cfg-test,"#[arg(long, default_value = ""64"")]"
orchestrator/src/main.rs,399,before-first-cfg-test,"#[arg(long, default_value = ""1"")]"
orchestrator/src/main.rs,404,before-first-cfg-test,"#[arg(long, default_value = ""[::]:7946"")]"
orchestrator/src/main.rs,410,before-first-cfg-test,"#[arg(long, default_value = ""[2001:db8:ffff::1]:179"")]"
orchestrator/src/main.rs,413,before-first-cfg-test,"#[arg(long, default_value = ""2001:db8:1000::/64"")]"
orchestrator/src/main.rs,456,before-first-cfg-test,"#[arg(long, default_value = ""900"")]"
orchestrator/src/main.rs,459,before-first-cfg-test,"#[arg(long, default_value = ""86400"")]"
orchestrator/src/main.rs,481,before-first-cfg-test,"#[arg(long, default_value = ""104857600"")]"
orchestrator/src/main.rs,485,before-first-cfg-test,"#[arg(long, default_value = ""10"")]"
orchestrator/src/main.rs,504,before-first-cfg-test,"#[arg(long, default_value = ""1000"")]"
orchestrator/src/main.rs,509,before-first-cfg-test,"#[arg(long, default_value = ""600"")]"
orchestrator/src/main.rs,513,before-first-cfg-test,"#[arg(long, default_value = ""16"")]"
orchestrator/src/main.rs,517,before-first-cfg-test,"#[arg(long, default_value = ""48"")]"
orchestrator/src/main.rs,521,before-first-cfg-test,"#[arg(long, default_value = ""0.5"")]"
orchestrator/src/main.rs,526,before-first-cfg-test,const TELEMETRY_INTERVAL: Duration = Duration::from_secs(5);
orchestrator/src/main.rs,528,before-first-cfg-test,const SYNC_COOLDOWN: Duration = Duration::from_secs(5);
orchestrator/src/main.rs,530,before-first-cfg-test,const PROTECTED_REFRESH: Duration = Duration::from_secs(2);
orchestrator/src/main.rs,549,before-first-cfg-test,const MAX_IPC_LINE: u64 = 4096;
orchestrator/src/main.rs,1039,before-first-cfg-test,const IPC_MAX_CONNS: usize = 64;
orchestrator/src/main.rs,1040,before-first-cfg-test,const IPC_IDLE: Duration = Duration::from_secs(300);
orchestrator/src/main.rs,1044,before-first-cfg-test,const IPC_LINES_PER_SEC: f64 = 1_000.0;
orchestrator/src/main.rs,1045,before-first-cfg-test,const IPC_LINE_BURST: f64 = 5_000.0;
orchestrator/src/main.rs,1046,before-first-cfg-test,const IPC_TOTAL_PER_SEC: f64 = 2_000.0;
orchestrator/src/main.rs,1047,before-first-cfg-test,const IPC_TOTAL_BURST: f64 = 20_000.0;
orchestrator/src/main.rs,1049,before-first-cfg-test,const CONTROL_LINES_PER_SEC: f64 = 50.0;
orchestrator/src/main.rs,1050,before-first-cfg-test,const CONTROL_LINE_BURST: f64 = 500.0;
orchestrator/src/main.rs,1051,before-first-cfg-test,const CONTROL_MAX_CONNS: usize = 16;
orchestrator/src/main.rs,1053,before-first-cfg-test,const LIST_BANS_MAX: usize = 4096;
orchestrator/src/main.rs,1054,before-first-cfg-test,const CONTROL_IDLE: Duration = Duration::from_secs(60);
orchestrator/src/main.rs,1859,before-first-cfg-test,"Duration::from_secs(30),"
orchestrator/src/main.rs,1927,before-first-cfg-test,tokio::time::sleep(Duration::from_millis(100)).await;
orchestrator/src/main.rs,1963,before-first-cfg-test,tokio::time::sleep(Duration::from_millis(100)).await;
orchestrator/src/main.rs,2155,before-first-cfg-test,tokio::time::sleep(Duration::from_millis(100)).await;
orchestrator/src/main.rs,2264,before-first-cfg-test,let mut ticker = tokio::time::interval(Duration::from_secs(1));
orchestrator/src/main.rs,2580,before-first-cfg-test,"if tokio::time::timeout(flowspec::SHUTDOWN_BUDGET + Duration::from_secs(2), worker)"
orchestrator/src/main.rs,2588,before-first-cfg-test,"if let Err(e) = persist_now(&state_store, &blocks, Duration::from_secs(5)).await {"
orchestrator/src/main.rs,2595,before-first-cfg-test,if !sntl_db.flush(Duration::from_secs(2)) {
orchestrator/src/main.rs,2621,after-first-cfg-test,std::thread::sleep(Duration::from_millis(30));
orchestrator/src/main.rs,2630,after-first-cfg-test,assert!(db.flush(Duration::from_secs(2)));
orchestrator/src/mesh_sync.rs,71,before-first-cfg-test,pub const SNAPSHOT_PAYLOAD_BUDGET: usize = 112 * 1024;
orchestrator/src/mesh_sync.rs,118,before-first-cfg-test,pub const DIGEST_INTERVAL: std::time::Duration = std::time::Duration::from_secs(15);
orchestrator/src/mesh_sync.rs,379,after-first-cfg-test,let mut c = Cooldown::new(std::time::Duration::from_secs(5));
orchestrator/src/mesh_sync.rs,381,after-first-cfg-test,"assert!(!c.allow(2, t0 + std::time::Duration::from_secs(4)));"
orchestrator/src/mesh_sync.rs,383,after-first-cfg-test,"assert!(c.allow(2, t0 + std::time::Duration::from_secs(5)));"
orchestrator/src/p2p.rs,41,before-first-cfg-test,"const SIGNATURE_CONTEXT: &[u8] = b""sokol-mesh-envelope"";"
orchestrator/src/p2p.rs,43,before-first-cfg-test,"const WIRE_MAGIC: &[u8; 3] = b""SKM"";"
orchestrator/src/p2p.rs,47,before-first-cfg-test,pub const WIRE_VERSION_MIN: u8 = 2;
orchestrator/src/p2p.rs,48,before-first-cfg-test,pub const WIRE_VERSION_MAX: u8 = 2;
orchestrator/src/p2p.rs,50,before-first-cfg-test,"pub const KEY_PREFIX: &str = ""mldsa65:"";"
orchestrator/src/p2p.rs,52,before-first-cfg-test,"const KEY_FILE_MAGIC: &[u8; 4] = b""SKK2"";"
orchestrator/src/p2p.rs,54,before-first-cfg-test,const LEGACY_KEY_FILE_LEN: usize = 1952 + 4000;
orchestrator/src/p2p.rs,55,before-first-cfg-test,pub const MAX_CLOCK_SKEW_MS: u64 = 30_000;
orchestrator/src/p2p.rs,56,before-first-cfg-test,const MAX_REPLAY_ENTRIES: usize = 100_000;
orchestrator/src/p2p.rs,57,before-first-cfg-test,pub const MAX_FRAME_BYTES: usize = 128 * 1024;
orchestrator/src/p2p.rs,62,before-first-cfg-test,pub const HANDSHAKE_TIMEOUT: Duration = Duration::from_secs(5);
orchestrator/src/p2p.rs,65,before-first-cfg-test,pub const MAX_PENDING_HANDSHAKES: usize = 16;
orchestrator/src/p2p.rs,66,before-first-cfg-test,pub const MAX_PENDING_PER_ADDRESS: usize = 2;
orchestrator/src/p2p.rs,69,before-first-cfg-test,pub const FRAMES_PER_SEC: f64 = 500.0;
orchestrator/src/p2p.rs,70,before-first-cfg-test,pub const FRAME_BURST: f64 = 5_000.0;
orchestrator/src/p2p.rs,71,before-first-cfg-test,pub const BYTES_PER_SEC: f64 = 4.0 * 1024.0 * 1024.0;
orchestrator/src/p2p.rs,72,before-first-cfg-test,pub const BYTE_BURST: f64 = 32.0 * 1024.0 * 1024.0;
orchestrator/src/p2p.rs,589,before-first-cfg-test,const ENVELOPE_HEADER_LEN: usize = 3 + 1 + 8 + 8 + 8 + 4;
orchestrator/src/p2p.rs,752,before-first-cfg-test,pub const LABELS: [&'static str; 5] = [
orchestrator/src/p2p.rs,871,before-first-cfg-test,pub const URGENT_QUEUE: usize = 256;
orchestrator/src/p2p.rs,872,before-first-cfg-test,pub const BULK_QUEUE: usize = 64;
orchestrator/src/p2p.rs,968,after-first-cfg-test,"match timeout(Duration::from_secs(2), tx.send(envelope)).await {"
orchestrator/src/p2p.rs,1213,after-first-cfg-test,const MIN: Duration = Duration::from_secs(1);
orchestrator/src/p2p.rs,1214,after-first-cfg-test,const MAX: Duration = Duration::from_secs(30);
orchestrator/src/p2p.rs,1328,after-first-cfg-test,"timeout(Duration::from_secs(5), writer.write_all(&frame)).await,"
orchestrator/src/p2p.rs,1341,after-first-cfg-test,let mut interval = tokio::time::interval(Duration::from_secs(10));
orchestrator/src/p2p.rs,1385,after-first-cfg-test,"Some(_) => tokio::time::Instant::now() + Duration::from_secs(30),"
orchestrator/src/p2p.rs,1430,after-first-cfg-test,"Some(_) => tokio::time::Instant::now() + Duration::from_secs(5),"
orchestrator/src/p2p.rs,1679,after-first-cfg-test,"let got = timeout(Duration::from_millis(500), cmd_rx.recv()).await;"
orchestrator/src/p2p.rs,1785,after-first-cfg-test,"let got = timeout(Duration::from_millis(500), cmd_rx.recv()).await;"
orchestrator/src/p2p.rs,1840,after-first-cfg-test,"let got = timeout(Duration::from_millis(500), cmd_rx.recv()).await;"
orchestrator/src/p2p.rs,2058,after-first-cfg-test,tokio::time::sleep(Duration::from_millis(300)).await;
orchestrator/src/p2p.rs,2069,after-first-cfg-test,"match timeout(Duration::from_secs(2), cmd_rx.recv()).await {"
orchestrator/src/p2p.rs,2099,after-first-cfg-test,tokio::time::sleep(Duration::from_millis(500)).await;
orchestrator/src/p2p.rs,2106,after-first-cfg-test,"match timeout(Duration::from_secs(2), rx.recv()).await {"
orchestrator/src/p2p.rs,2212,after-first-cfg-test,"Duration::from_millis(500),"
orchestrator/src/p2p.rs,2277,after-first-cfg-test,"timeout(Duration::from_secs(2), stream.read_exact(&mut len))"
orchestrator/src/p2p.rs,2332,after-first-cfg-test,tokio::time::sleep(Duration::from_millis(1500)).await;
orchestrator/src/p2p.rs,2345,after-first-cfg-test,tokio::time::sleep(Duration::from_millis(100)).await;
orchestrator/src/p2p.rs,2387,after-first-cfg-test,tokio::time::sleep(Duration::from_millis(300)).await;
orchestrator/src/p2p.rs,2432,after-first-cfg-test,tokio::time::sleep(Duration::from_millis(300)).await;
orchestrator/src/p2p.rs,2564,after-first-cfg-test,"match timeout(Duration::from_secs(3), stream.read_exact(&mut len)).await {"
orchestrator/src/p2p.rs,2826,after-first-cfg-test,"b.take(0.0, t0 + Duration::from_millis(100)),"
orchestrator/src/p2p.rs,2831,after-first-cfg-test,"Bucket::new(10.0, 3.0).take(0.0, t0 + Duration::from_secs(60)),"
orchestrator/src/p2p.rs,2910,after-first-cfg-test,"let closed = timeout(Duration::from_secs(5), async {"
orchestrator/src/p2p.rs,2928,after-first-cfg-test,tokio::time::sleep(Duration::from_millis(200)).await;
orchestrator/src/p2p.rs,2932,after-first-cfg-test,"let closed = timeout(Duration::from_secs(2), third.read(&mut buf)).await;"
orchestrator/src/p2p.rs,2949,after-first-cfg-test,assert!(started.elapsed() < HANDSHAKE_TIMEOUT + Duration::from_secs(2));
orchestrator/src/p2p.rs,2987,after-first-cfg-test,"match timeout(Duration::from_secs(10), rx.recv()).await {"
orchestrator/src/p2p.rs,3000,after-first-cfg-test,"took >= Duration::from_millis(1_500),"
orchestrator/src/replay.rs,355,after-first-cfg-test,"const BUILD: &str = ""test-build"";"
orchestrator/src/state_store.rs,22,before-first-cfg-test,pub const DURABLE_WAIT: Duration = Duration::from_secs(2);
orchestrator/src/state_store.rs,24,before-first-cfg-test,pub const STALE_AFTER: Duration = Duration::from_secs(5);
orchestrator/src/state_store.rs,26,before-first-cfg-test,const RETRY_AFTER: Duration = Duration::from_secs(1);
orchestrator/src/state_store.rs,426,after-first-cfg-test,tokio::time::sleep(Duration::from_millis(50)).await; // the writer takes it and hangs
orchestrator/src/state_store.rs,430,after-first-cfg-test,"started.elapsed() < Duration::from_millis(500),"
orchestrator/src/state_store.rs,434,after-first-cfg-test,".wait_durable(first, Duration::from_millis(100))"
orchestrator/src/state_store.rs,446,after-first-cfg-test,".wait_durable(last, Duration::from_secs(2))"
orchestrator/src/state_store.rs,473,after-first-cfg-test,".wait_durable(generation, Duration::from_millis(300))"
orchestrator/src/state_store.rs,480,after-first-cfg-test,".wait_durable(generation, Duration::from_secs(3))"
ebpf/src/main.rs,17,before-first-cfg-test,const ETH_P_IP: u16 = 0x0800;
ebpf/src/main.rs,18,before-first-cfg-test,const ETH_P_IPV6: u16 = 0x86DD;
ebpf/src/main.rs,19,before-first-cfg-test,const ETH_P_8021Q: u16 = 0x8100;
ebpf/src/main.rs,20,before-first-cfg-test,const ETH_P_8021AD: u16 = 0x88A8;
ebpf/src/main.rs,22,before-first-cfg-test,const IPPROTO_HOPOPTS: u8 = 0;
ebpf/src/main.rs,23,before-first-cfg-test,const IPPROTO_TCP: u8 = 6;
ebpf/src/main.rs,24,before-first-cfg-test,const IPPROTO_ROUTING: u8 = 43;
ebpf/src/main.rs,25,before-first-cfg-test,const IPPROTO_FRAGMENT: u8 = 44;
ebpf/src/main.rs,26,before-first-cfg-test,const IPPROTO_DSTOPTS: u8 = 60;
ebpf/src/main.rs,28,before-first-cfg-test,const IP_MF: u16 = 0x2000;
ebpf/src/main.rs,29,before-first-cfg-test,const IP_OFFSET_MASK: u16 = 0x1FFF;
ebpf/src/main.rs,31,before-first-cfg-test,const TRAP_PORT: u16 = 44333;
ebpf/src/main.rs,32,before-first-cfg-test,const TCP_SYN: u8 = 0x02;
ebpf/src/main.rs,33,before-first-cfg-test,const TCP_ACK: u8 = 0x10;
ebpf/src/main.rs,34,before-first-cfg-test,const ADMIN_SSH_PORT: u16 = 2222;
