t_s,rss_kb,remembered,evicted,blocks_active,state_bytes
0,27784,0,0,0,0
10,53048,14847,0,14847,2663424
20,56196,24854,0,10009,2554169
30,61364,34857,0,10011,3072894
40,62036,44856,0,10012,3584028
50,62536,54851,0,10006,4093257
60,72560,64855,0,10010,4603308
70,72592,65536,9314,10005,4625983
80,72596,65536,19317,10008,4628514
90,72596,65536,29316,10007,4632619
100,72600,65536,39315,10006,4638000
110,78868,65536,49329,10015,4639950
120,78868,65536,59318,10009,4638000
130,78868,65536,69316,10007,4631531
140,78868,65536,79317,10008,4628259
150,78868,65536,89316,10007,4628259
160,78868,65536,99319,10010,4636699
170,79536,65536,109314,10005,4638518
180,79536,65536,119315,10007,4638362
190,79536,65536,129317,10008,4638372
200,79536,65536,139316,10008,4627313
210,79536,65536,149316,10007,4628370
220,79536,65536,159317,10008,4630886
230,100536,65536,169314,10004,4637727
240,100536,65536,179316,10007,4638903
250,100536,65536,189317,10007,4638260
260,100536,65536,199316,10006,4632733
270,100536,65536,209316,10007,4628130
280,100536,65536,219317,10007,4628259
290,100536,65536,229313,10005,4635621
300,100536,65536,239319,10012,4638910
310,100536,65536,249316,10007,4637740
320,100536,65536,259314,10005,4638390
330,100536,65536,269324,10013,4629670
340,100536,65536,279317,10008,4627981
350,100536,65536,289317,10006,4629686
360,100536,65536,299316,10006,4637985
370,100536,65536,309315,10006,4638114
380,100536,65536,319321,10012,4638888
390,100536,65536,329314,10006,4634848
400,100536,65536,339316,10008,4627458
410,100536,65536,349312,10003,4628259
420,100536,65536,359317,10008,4634811
431,100536,65536,369317,10009,4638130
441,100536,65536,379316,10008,4638130
451,100536,65536,389317,10008,4638780
461,121528,65536,399315,10006,4629212
471,121528,65536,409317,10008,4628388
481,121528,65536,419319,10010,4628759
491,121528,65536,429318,10010,4638250
521,121528,65536,434464,0,3342421
# panics: 0
